scouter,pathDrawer,eventCode,matchLevel,matchNumber,robot,teamNumber,Auto Location,Auto Action,Auto Amp Makes,Auto Amp Misses,Auto Speaker Scores,Auto Speaker Misses,Speaker Score,Speaker Misses,Scoring Location,Bumper Only Scoring,Amp Scores,Amp Misses,Notes Shuttled,Defense Played,Defense Location,Penalties,Stage Travel,Paths,Parked,Onstage,Chain Position,Trap,Damaged,Died or Immobilized,Note Stuck,comments,Drivetype
,0.0,TEST1,qm,26.0,r3,7457.0,ifsas,o,0.0,,1.0,1.0,2.0,3.0,n,0.0,2.0,0.0,0.0,0.0,,0.0,n,,0.0,o,,,,,,,
Jib,0.0,TEST1,qm,27.0,b2,4272.0,insm,punz,0.0,,3.0,1.0,4.0,2.0,b,0.0,3.0,0.0,0.0,0.0,,0.0,n,,0.0,x,,,,,,,
JP,0.0,TEST,qm,22.0,r1,8430.0,bsss,sz,0.0,,0.0,0.0,0.0,0.0,n,0.0,4.0,0.0,0.0,0.0,n,0.0,n,,0.0,x,side,0.0,,0.0,0.0,Drops notes a lot,swv
JP,0.0,TEST,qm,23.0,r2,3559.0,insas,sz,0.0,,0.0,0.0,2.0,1.0,ne,0.0,0.0,0.0,0.0,0.0,n,0.0,n,,1.0,x,side,0.0,,0.0,0.0,Slow,oth
JP,0.0,TEST,qm,25.0,r3,8430.0,insm,sz,0.0,,0.0,0.0,0.0,0.0,n,0.0,0.0,0.0,0.0,0.0,ao,0.0,bh,,1.0,x,side,0.0,,0.0,0.0,,swv
FOO,0.0,TEST1,qm,23.0,r1,1720.0,bsss,sz,0.0,,0.0,1.0,0.0,0.0,n,0.0,0.0,0.0,5.0,0.0,n,0.0,n,,0.0,o,mid,0.0,,0.0,0.0,Doesn't attempt to score,swv
ZD,0.0,TEST1,qm,23.0,b2,8564.0,ifsas,no,0.0,,1.0,0.0,2.0,4.0,ne,0.0,0.0,0.0,0.0,0.0,n,0.0,bl,,0.0,x,side,0.0,,0.0,0.0,Didn't do anything really well,swv
ZD,0.0,TEST1,qm,22.0,b3,8116.0,bsss,no,0.0,,0.0,0.0,1.0,4.0,ne,1.0,0.0,0.0,0.0,0.0,nos,0.0,bl,,0.0,o,side,0.0,,0.0,0.0,Good defense bot,swv
FOO,0.0,TEST1,qm,19.0,r1,7454.0,insas,sz,0.0,,0.0,1.0,3.0,0.0,ne,0.0,2.0,0.0,0.0,0.0,n,0.0,n,,1.0,x,side,0.0,,0.0,0.0,"Slow, only source pick ups",swv
FOO,0.0,TEST1,qm,46.0,b2,234.0,insm,punz,0.0,,2.0,0.0,7.0,1.0,ne,1.0,0.0,0.0,0.0,0.0,n,0.0,n,,0.0,x,side,0.0,,0.0,0.0,Slow movement,swv
JP,0.0,TEST,qm,7457.0,r3,26.0,ifsas,puncl,0.0,,1.0,1.0,3.0,3.0,f,0.0,2.0,0.0,0.0,0.0,n,0.0,rd,,0.0,o,mid,0.0,,0.0,0.0,,swv
JP,0.0,TEST,qm,24.0,b2,4272.0,bas,no,0.0,,0.0,0.0,2.0,1.0,f,0.0,2.0,0.0,0.0,0.0,n,0.0,n,,0.0,x,side,0.0,,0.0,0.0,,swv
ZD,0.0,TEST1,qm,27.0,r2,8564.0,bsss,no,0.0,,0.0,1.0,0.0,1.0,ne,1.0,0.0,0.0,0.0,0.0,n,0.0,n,,0.0,x,side,0.0,,0.0,0.0,Doesn't look very good no movement ,swv
Jib,0.0,TEST1,qm,27.0,b2,4272.0,insm,punz,0.0,,3.0,1.0,4.0,2.0,b,0.0,3.0,0.0,0.0,0.0,,0.0,n,,0.0,x,,,,,,,
Jib,0.0,TEST1,qm,27.0,b2,4272.0,insm,punz,0.0,,3.0,1.0,4.0,2.0,n,0.0,3.0,0.0,0.0,0.0,,0.0,n,,0.0,x,,,,,,,
CSC,0.0,2024week0,qm,23.0,b1,7657.0,insm,punz,0.0,,1.0,1.0,1.0,0.0,ne,1.0,0.0,0.0,0.0,0.0,n,0.0,n,,1.0,a,side,0.0,,0.0,0.0,Slow movement,swv
CSC,0.0,2024week0,qm,20.0,r2,7657.0,insm,punz,0.0,,1.0,0.0,1.0,0.0,ne,1.0,0.0,0.0,0.0,1.0,nos,0.0,n,,0.0,o,side,0.0,,0.0,0.0,Capable of harmony,swv
CSC,0.0,2024week0,qm,18.0,r1,4926.0,bas,punz,0.0,,1.0,0.0,1.0,0.0,ne,1.0,0.0,0.0,0.0,0.0,n,0.0,rd,,1.0,x,side,0.0,,1.0,0.0,Innefective movement,oth
DSM,0.0,TESTCOL,qm,26.0,b3,9153.0,bsss,sz,0.0,,0.0,0.0,0.0,1.0,n,1.0,0.0,0.0,0.0,0.0,n,0.0,n,,1.0,a,mid,0.0,,0.0,0.0,barely able to drive,oth
DSM,0.0,TESTCOL,qm,23.0,r3,9453.0,bas,sz,0.0,,0.0,0.0,0.0,1.0,ne,0.0,0.0,0.0,0.0,0.0,n,0.0,n,,1.0,a,mid,0.0,,0.0,0.0,,oth
DSM,0.0,TESTCOL,qm,19.0,b3,9491.0,bsss,sz,0.0,,0.0,0.0,1.0,1.0,ne,0.0,0.0,0.0,0.0,0.0,n,0.0,n,,1.0,a,mid,0.0,,0.0,0.0,slow to feed and bad take long to speaker,oth
PJH,0.0,2024week,sf,4.0,b1,234.0,bas,punz,0.0,,1.0,0.0,0.0,0.0,n,0.0,0.0,0.0,0.0,0.0,n,0.0,n,,1.0,a,side,0.0,,0.0,1.0,,swv
LF,0.0,2024week0,sf,1.0,b1,234.0,ifsas,punz,0.0,,1.0,0.0,0.0,0.0,n,0.0,0.0,1.0,0.0,0.0,n,0.0,n,,1.0,a,side,0.0,,0.0,0.0,,oth
JLD ,0.0,2024week0,qm,4.0,b1,234.0,ifsas,no,0.0,,0.0,0.0,1.0,0.0,n,0.0,0.0,1.0,0.0,0.0,n,0.0,n,,0.0,a,side,0.0,,0.0,0.0,,swv
Cmh,0.0,2024week0,f,4.0,b1,234.0,bas,punz,0.0,,0.0,0.0,0.0,1.0,n,0.0,0.0,1.0,0.0,0.0,n,0.0,bh,,1.0,a,side,0.0,,0.0,1.0,,oth
EB,0.0,2024week0,sf,1.0,b1,234.0,ifsas,punz,0.0,,1.0,0.0,0.0,1.0,n,0.0,0.0,1.0,0.0,0.0,n,0.0,n,,1.0,a,side,0.0,,0.0,1.0,,oth
Olm,0.0,2024week0,qm,6.0,r1,234.0,ifsas,no,0.0,,0.0,0.0,3.0,1.0,ne,0.0,1.0,0.0,0.0,1.0,n,0.0,n,,1.0,x,mid,0.0,,0.0,0.0,,swv
AC,0.0,Smoky,qm,6.0,b1,234.0,bas,punz,0.0,,0.0,0.0,0.0,1.0,n,0.0,0.0,1.0,0.0,0.0,n,0.0,bh,,1.0,a,side,0.0,,0.0,1.0,Not good,swv
CSC,0.0,2024week0,qm,4.0,b1,234.0,bas,punz,0.0,,0.0,0.0,0.0,1.0,n,0.0,0.0,1.0,0.0,1.0,nos,0.0,bh,,1.0,a,side,0.0,,0.0,1.0,,oth
DKE,0.0,2024week0,qm,4.0,b1,58.0,ifsas,sz,0.0,,0.0,0.0,1.0,1.0,f,0.0,0.0,1.0,0.0,1.0,oth,0.0,n,,1.0,a,side,0.0,,0.0,1.0,,swv
CDE,0.0,2024week0,sf,4.0,b1,234.0,ifsas,sz,0.0,,0.0,0.0,1.0,1.0,f,0.0,0.0,1.0,0.0,1.0,oth,0.0,n,,1.0,a,side,0.0,,0.0,1.0,,swv
CJ,0.0,2024week0,sf,4.0,b1,234.0,ifsas,puncl,0.0,,0.0,0.0,0.0,0.0,n,0.0,0.0,1.0,0.0,0.0,ao,0.0,n,,1.0,x,side,0.0,,0.0,0.0,,swv
CJ,0.0,2024week0,sf,6.0,b1,234.0,ifsas,punz,0.0,,0.0,2.0,0.0,1.0,ne,0.0,0.0,0.0,0.0,0.0,ao,0.0,n,,1.0,x,side,0.0,,0.0,0.0,,swv
BW,0.0,2024week0,qm,4.0,b1,234.0,ifsas,no,0.0,,1.0,0.0,0.0,0.0,n,0.0,0.0,1.0,0.0,0.0,n,0.0,n,,0.0,o,side,0.0,,0.0,1.0,It was not doing much,swv
LF,0.0,2024week0,f,2.0,b1,243.0,ifsas,punz,0.0,,0.0,2.0,0.0,1.0,n,0.0,0.0,0.0,0.0,1.0,nos,0.0,n,,1.0,a,side,0.0,,0.0,1.0,Appears like shooter broke,oth
EB,0.0,2024week0,sf,2.0,b1,,ifsas,no,0.0,,0.0,2.0,0.0,1.0,ne,0.0,0.0,0.0,0.0,0.0,nos,0.0,n,,1.0,a,side,0.0,,0.0,0.0,,oth
CDE,0.0,2024week0,sf,6.0,b1,234.0,ifsas,punz,0.0,,0.0,1.0,0.0,1.0,n,0.0,0.0,0.0,0.0,1.0,ao,0.0,n,,1.0,a,side,0.0,,0.0,0.0,Very slow,swv
A.F.O,0.0,2024week0,sf,4.0,r1,234.0,bas,no,0.0,,1.0,0.0,0.0,1.0,n,0.0,0.0,1.0,1.0,1.0,nos,0.0,bl,,1.0,x,side,0.0,,0.0,1.0,Only drives through the source side ,swv
PJH,0.0,2024week,sf,6.0,b1,234.0,bas,sz,0.0,,0.0,1.0,0.0,1.0,ne,0.0,0.0,0.0,0.0,0.0,n,0.0,n,,1.0,a,side,0.0,,0.0,0.0,,swv
PJH,0.0,2024week,qm,59.0,r2,234.0,insm,sz,0.0,,1.0,0.0,4.0,0.0,ne,0.0,0.0,0.0,0.0,0.0,n,0.0,n,,0.0,o,mid,0.0,,0.0,0.0,,swv
LF,0.0,Smokey Mountains Regional,qm,8.0,b1,3467.0,ifsas,no,0.0,,0.0,0.0,3.0,2.0,n,0.0,2.0,0.0,0.0,0.0,n,0.0,n,,1.0,a,side,0.0,,0.0,0.0,,swv
EB,0.0,2024week0,qm,6.0,r1,234.0,insas,no,0.0,,0.0,0.0,1.0,1.0,ne,1.0,1.0,0.0,1.0,0.0,n,0.0,n,,1.0,x,side,0.0,,0.0,0.0,,oth
A.F.O,0.0,2024week0,qm,53.0,r3,234.0,bsss,no,0.0,,0.0,1.0,5.0,1.0,ne,0.0,0.0,1.0,0.0,0.0,n,0.0,n,,1.0,o,mid,0.0,,0.0,0.0,Can't score in the amp,swv
CDE,0.0,2024week0,qm,22.0,r3,234.0,bas,punz,0.0,,1.0,1.0,3.0,1.0,b,0.0,1.0,0.0,0.0,1.0,oth,0.0,n,,1.0,o,mid,0.0,,0.0,0.0,,swv
M.B,0.0,Smoky Mountains Regional ,sf,4.0,b2,234.0,bas,o,0.0,,2.0,0.0,2.0,1.0,f,0.0,0.0,1.0,0.0,1.0,ao,0.0,bh,,1.0,a,side,0.0,,0.0,1.0,,oth
DKE,0.0,Smokeymountains,qm,17.0,b1,234.0,insm,punz,0.0,,1.0,0.0,9.0,1.0,ne,0.0,0.0,2.0,0.0,0.0,n,0.0,n,,0.0,o,mid,0.0,,0.0,0.0,Dropped notes,swv
JAM,0.0,2024week3,qm,9.0,b3,4923.0,bas,punz,0.0,,1.0,0.0,2.0,1.0,b,0.0,2.0,0.0,0.0,1.0,ao,0.0,n,,0.0,x,side,0.0,,0.0,0.0,,oth
Olm,0.0,2024week1,qm,9.0,b3,4926.0,bas,punz,1.0,,1.0,0.0,2.0,1.0,b,0.0,2.0,0.0,0.0,1.0,ao,0.0,n,,0.0,x,mid,0.0,,0.0,0.0,,oth
JLD ,0.0,2024week0,qm,25.0,b1,234.0,insas,no,0.0,,0.0,1.0,5.0,0.0,n,0.0,2.0,0.0,0.0,0.0,ao,0.0,bh,,1.0,x,side,0.0,,0.0,0.0,,swv
AC,0.0,SmokyMountainRegional,sf,35.0,b1,234.0,insm,punz,0.0,,1.0,1.0,8.0,1.0,ne,1.0,0.0,0.0,0.0,0.0,n,0.0,n,,0.0,o,mid,0.0,,0.0,0.0,Very good,swv
Cmh,0.0,2024week0,qm,46.0,b2,234.0,insas,puncl,0.0,,2.0,1.0,3.0,1.0,ne,1.0,0.0,0.0,0.0,0.0,n,0.0,bh,,1.0,a,side,0.0,,0.0,0.0,,swv
CSC ,0.0,2024week0,qm,44.0,b1,234.0,bas,no,0.0,,0.0,1.0,1.0,0.0,n,0.0,0.0,2.0,0.0,1.0,ao,0.0,n,,0.0,o,mid,0.0,,0.0,1.0,,swv
EB,0.0,2024week0,sf,9.0,r1,8430.0,bsss,sz,0.0,,0.0,0.0,0.0,0.0,n,0.0,0.0,0.0,0.0,1.0,sbs,0.0,n,,0.0,x,side,0.0,,0.0,0.0,,swv
JAM,0.0,2024week2,qm,62.0,b2,4926.0,insm,punz,0.0,,1.0,0.0,3.0,1.0,b,0.0,1.0,0.0,0.0,0.0,n,0.0,n,,1.0,x,side,0.0,,1.0,0.0,,oth
Olm,0.0,2024week1,qm,62.0,b2,4926.0,insm,punz,0.0,,1.0,0.0,3.0,1.0,b,0.0,1.0,0.0,0.0,0.0,n,0.0,n,,1.0,x,side,0.0,,1.0,0.0,,oth
Sew,0.0,2024week1,qm,62.0,b2,4926.0,insm,punz,0.0,,1.0,0.0,3.0,1.0,ne,0.0,1.0,0.0,0.0,0.0,n,0.0,bh,,1.0,x,side,0.0,,1.0,0.0,,oth
LF,0.0,FIN District Columbus Event 2024,qm,42.0,b2,3559.0,bsss,no,0.0,,0.0,0.0,0.0,1.0,n,0.0,0.0,0.0,0.0,0.0,n,0.0,n,,0.0,o,mid,0.0,,0.0,0.0,Slow robots,swv
LF,0.0,FIN District Columbus Event 2024,qm,51.0,r3,3559.0,ifsas,no,0.0,,0.0,0.0,2.0,0.0,n,1.0,0.0,0.0,0.0,0.0,n,0.0,rd,,0.0,o,mid,0.0,,0.0,0.0,Slow turning,oth
CDE,0.0,2024week0,qm,67.0,r3,8564.0,insm,sz,0.0,,0.0,0.0,0.0,0.0,n,0.0,0.0,0.0,0.0,1.0,ao,1.0,rd,,1.0,o,mid,0.0,,0.0,0.0,,oth
EB,0.0,2024week0,sf,7.0,r1,8430.0,bsss,sz,0.0,,0.0,0.0,0.0,0.0,n,0.0,0.0,0.0,0.0,1.0,sbs,0.0,n,,0.0,x,side,0.0,,0.0,0.0,Not immobilized but barely moving ,oth
PJH,0.0,2024week,sf,13.0,r2,5484.0,insm,punz,0.0,,2.0,0.0,8.0,1.0,ne,1.0,0.0,0.0,0.0,0.0,n,0.0,rd,,1.0,x,side,0.0,,0.0,0.0,,swv
JLD ,0.0,2024week0,qm,9.0,r2,45.0,insas,sz,0.0,,1.0,0.0,9.0,0.0,n,0.0,0.0,0.0,0.0,0.0,sbs,0.0,bh,,0.0,o,mid,0.0,,0.0,0.0,,swv
M.B,0.0,Columbus ,qm,12.0,r1,5188.0,bas,afsna,1.0,,3.0,0.0,2.0,1.0,n,1.0,2.0,0.0,0.0,1.0,nos,0.0,bh,,0.0,a,mid,0.0,,0.0,1.0,Stuck in place lots of times ,swv
AC,0.0,Columbus,qm,64.0,r3,9491.0,bsss,no,0.0,,0.0,0.0,0.0,2.0,n,0.0,0.0,0.0,0.0,0.0,n,0.0,n,,1.0,a,side,0.0,,0.0,0.0,Strangely spins 360 before shooting,swv
DKE,0.0,Columbusweek3,qm,68.0,b2,8116.0,bsss,no,0.0,,0.0,0.0,1.0,2.0,n,0.0,0.0,0.0,0.0,0.0,n,0.0,bl,,0.0,x,side,0.0,,1.0,0.0,Could barely move,swv
DKE,0.0,Columbusweek3,qm,61.0,r2,8116.0,bsss,no,0.0,,0.0,0.0,3.0,4.0,n,0.0,0.0,0.0,0.0,0.0,n,0.0,n,,1.0,x,side,0.0,,0.0,0.0,,swv
DKE,0.0,Columbusweek3,qm,56.0,b3,8116.0,bsss,no,0.0,,0.0,0.0,0.0,3.0,n,0.0,0.0,0.0,0.0,0.0,n,0.0,n,,1.0,x,side,0.0,,0.0,0.0,,swv
SGG,0.0,Columbus ,qm,12.0,r1,5188.0,bas,sz,0.0,,0.0,0.0,1.0,0.0,ne,0.0,1.0,0.0,0.0,0.0,n,0.0,bh,,1.0,x,side,0.0,,1.0,0.0,They did not contribute much to scoring.,swv
JAM,0.0,2024week2,qm,54.0,b1,49264.0,bas,sz,0.0,,0.0,0.0,1.0,0.0,n,0.0,0.0,0.0,0.0,1.0,ao,0.0,n,,1.0,a,side,0.0,,1.0,1.0,,oth
Olm,0.0,2024week1,qm,54.0,b1,4926.0,insas,sz,0.0,,1.0,0.0,1.0,0.0,ne,0.0,0.0,0.0,0.0,1.0,ao,0.0,bl,,1.0,a,side,0.0,,1.0,1.0,,swv
Sew,0.0,2024week1,qm,54.0,b1,4926.0,bsss,no,0.0,,0.0,0.0,1.0,0.0,ne,0.0,0.0,0.0,0.0,1.0,ao,0.0,bl,,1.0,a,side,0.0,,1.0,1.0,,oth
JLD ,0.0,2024week0,qm,1.0,b1,45.0,ifsas,sz,0.0,,1.0,0.0,0.0,0.0,n,0.0,7.0,2.0,0.0,0.0,n,0.0,n,,1.0,x,side,0.0,,0.0,0.0,,swv
PJH,0.0,2024week,sf,11.0,b2,5484.0,insm,punz,0.0,,2.0,0.0,6.0,1.0,ne,1.0,0.0,0.0,0.0,0.0,n,0.0,bl,,1.0,x,side,0.0,,0.0,0.0,,swv
LF,0.0,FIN District Columbus Event 2024,qm,57.0,r2,3559.0,insas,no,0.0,,0.0,0.0,1.0,0.0,n,0.0,0.0,0.0,0.0,1.0,nos,4.0,n,,0.0,x,side,0.0,,1.0,0.0,Racked up penalties because it ,
CDE,0.0,2024week0,qm,59.0,r1,8564.0,bas,no,0.0,,0.0,0.0,0.0,0.0,n,0.0,0.0,0.0,1.0,1.0,ao,1.0,rd,,1.0,o,side,0.0,,0.0,0.0,It just waited onstage after a bit of shuttleing,oth
PJH,0.0,2024week,sf,8.0,r2,5484.0,insm,punz,0.0,,1.0,0.0,7.0,3.0,ne,1.0,0.0,0.0,0.0,0.0,n,0.0,bh,,1.0,x,side,0.0,,0.0,0.0,,swv
JLD ,0.0,2024week0,sf,7.0,r2,45.0,insas,sz,0.0,,1.0,0.0,6.0,2.0,n,0.0,0.0,0.0,0.0,0.0,n,0.0,bh,,0.0,o,side,0.0,,0.0,0.0,,swv
Sew,0.0,2024week1,qm,51.0,r2,4926.0,insm,punz,0.0,,2.0,0.0,2.0,0.0,n,0.0,1.0,0.0,0.0,1.0,ao,0.0,bh,,1.0,o,side,0.0,,0.0,0.0,,oth
JAM,0.0,2024week2,qm,51.0,r2,4926.0,insm,punz,0.0,,2.0,0.0,2.0,0.0,ne,0.0,1.0,0.0,0.0,1.0,ao,0.0,n,,0.0,o,side,0.0,,0.0,0.0,,oth
DKE,0.0,Columbusweek3,qm,51.0,b3,8116.0,bsss,no,0.0,,0.0,0.0,6.0,2.0,ne,0.0,0.0,0.0,0.0,0.0,n,0.0,n,,1.0,a,mid,0.0,,0.0,0.0,,swv
PJH,0.0,2024week,sf,3.0,b2,5484.0,insm,sz,0.0,,1.0,0.0,8.0,0.0,n,0.0,0.0,0.0,0.0,0.0,ao,0.0,bh,,0.0,x,side,0.0,,0.0,0.0,,swv
JLD ,0.0,2024week0,sf,1.0,r2,45.0,insas,sz,0.0,,2.0,0.0,11.0,1.0,n,0.0,0.0,0.0,0.0,0.0,ao,0.0,bh,,0.0,o,mid,0.0,,0.0,0.0,,swv
PJH,0.0,2024week,qm,4.0,r1,5484.0,insas,sz,0.0,,0.0,1.0,9.0,0.0,ne,1.0,0.0,0.0,0.0,0.0,n,0.0,bh,,1.0,x,side,0.0,,0.0,0.0,,swv
JAM,0.0,2024week0,qm,44.0,r3,4926.0,insas,no,0.0,,1.0,0.0,4.0,1.0,ne,1.0,0.0,0.0,0.0,0.0,n,0.0,n,,0.0,o,side,0.0,,0.0,0.0,,oth
Sew,0.0,2024week1,qm,44.0,r3,4926.0,insas,punz,0.0,,1.0,0.0,4.0,1.0,ne,0.0,0.0,0.0,0.0,0.0,n,0.0,bh,,1.0,o,side,0.0,,0.0,0.0,,oth
SM,0.0,2024week3Columbus,qm,66.0,r1,7454.0,ifsas,no,0.0,,1.0,0.0,2.0,0.0,ne,0.0,3.0,0.0,0.0,0.0,n,0.0,n,,0.0,x,side,0.0,,0.0,0.0,,oth
SM,0.0,2024week3Columbus,qm,58.0,b2,7454.0,insas,sz,0.0,,1.0,0.0,3.0,1.0,n,0.0,0.0,0.0,0.0,0.0,n,0.0,n,,0.0,h,side,0.0,,0.0,0.0,,oth
CSC ,0.0,2024week0,qm,3.0,r1,71.0,bas,no,0.0,,0.0,0.0,6.0,2.0,ne,1.0,0.0,0.0,0.0,0.0,n,0.0,rd,,0.0,x,side,0.0,,0.0,0.0,,oth
SM,0.0,2024week3Columbus,qm,54.0,r2,7454.0,insas,sz,0.0,,1.0,0.0,4.0,0.0,ne,0.0,0.0,0.0,0.0,0.0,n,1.0,n,,0.0,h,side,0.0,,0.0,0.0,,oth
SM,0.0,2024week3Columbus,qm,50.0,b3,7454.0,ifsas,no,0.0,,1.0,0.0,0.0,0.0,ne,0.0,3.0,0.0,0.0,0.0,n,0.0,n,,0.0,h,side,0.0,,0.0,0.0,,oth
LF,0.0,2024week0,qm,65.0,r1,3559.0,bsss,no,0.0,,0.0,0.0,0.0,0.0,n,0.0,0.0,0.0,0.0,1.0,nos,1.0,n,,1.0,a,side,0.0,,0.0,0.0,Slow,oth
AC,0.0,Columbus,qm,59.0,b2,9491.0,bsss,afsna,0.0,,0.0,0.0,2.0,0.0,n,0.0,1.0,0.0,0.0,0.0,n,0.0,n,,0.0,o,mid,0.0,,0.0,0.0,,swv
Cmh,0.0,2024week0,qm,8.0,b1,71.0,bas,punz,0.0,,1.0,0.0,7.0,0.0,ne,1.0,0.0,0.0,0.0,0.0,n,0.0,bl,,0.0,x,side,0.0,,0.0,0.0,,oth
CJ,0.0,2024week0,qm,1.0,r2,7657.0,insas,no,0.0,,1.0,0.0,2.0,3.0,ne,1.0,0.0,0.0,0.0,0.0,n,0.0,n,,1.0,h,side,0.0,,0.0,0.0,,swv
CJ,0.0,2024week0,qm,10.0,b1,7657.0,insas,no,0.0,,1.0,0.0,0.0,0.0,ne,1.0,0.0,0.0,0.0,1.0,ao,0.0,n,,1.0,x,side,0.0,,0.0,0.0,,swv
CJ,0.0,2024week0,qm,16.0,b1,7657.0,insm,punz,0.0,,2.0,0.0,2.0,1.0,ne,1.0,0.0,0.0,0.0,0.0,n,0.0,n,,0.0,x,side,0.0,,1.0,0.0,,swv
CJ,0.0,2024week0,qm,20.0,r2,7657.0,insm,punz,0.0,,2.0,0.0,1.0,0.0,ne,1.0,0.0,0.0,0.0,1.0,ao,0.0,n,,1.0,h,side,0.0,,0.0,0.0,,swv
CJ,0.0,2024week0,qm,23.0,b1,7657.0,insm,punz,0.0,,2.0,0.0,1.0,0.0,n,0.0,0.0,0.0,0.0,0.0,n,0.0,n,,1.0,x,side,0.0,,0.0,0.0,,swv
CJ,0.0,2024week0,qm,31.0,b3,7657.0,ifsas,no,0.0,,1.0,0.0,1.0,0.0,ne,1.0,0.0,0.0,0.0,0.0,n,0.0,n,,1.0,x,side,0.0,,0.0,0.0,,swv
CJ,0.0,2024week0,qm,35.0,b3,7657.0,ifsas,no,0.0,,1.0,0.0,1.0,1.0,ne,1.0,0.0,0.0,0.0,0.0,n,0.0,n,,0.0,x,side,0.0,,1.0,0.0,I take is not very good,swv
CJ,0.0,2024week0,qm,43.0,b3,7657.0,insas,no,0.0,,1.0,0.0,2.0,1.0,ne,1.0,0.0,0.0,0.0,0.0,n,0.0,n,,1.0,a,side,0.0,,0.0,0.0,,swv
CJ,0.0,2024week0,qm,53.0,r2,7657.0,insas,no,0.0,,1.0,0.0,0.0,0.0,n,0.0,0.0,0.0,0.0,0.0,ao,0.0,n,,1.0,x,side,0.0,,0.0,0.0,,swv
CJ,0.0,2024week0,qm,58.0,r1,7657.0,insm,punz,0.0,,3.0,0.0,1.0,0.0,ne,1.0,0.0,0.0,0.0,0.0,n,0.0,n,,1.0,a,side,0.0,,0.0,0.0,,swv
CJ,0.0,2024week0,sf,63.0,r2,7657.0,insm,punz,0.0,,1.0,2.0,1.0,3.0,ne,1.0,0.0,0.0,0.0,0.0,n,0.0,n,,0.0,x,side,0.0,,0.0,0.0,,swv
CJ,0.0,2024week0,sf,9.0,b1,7657.0,insm,punz,0.0,,2.0,0.0,0.0,0.0,n,0.0,0.0,0.0,0.0,0.0,n,0.0,n,,0.0,x,side,0.0,,1.0,0.0,,swv
AC,0.0,Columbus,qm,53.0,b3,9491.0,bsss,afsna,0.0,,0.0,0.0,0.0,0.0,n,0.0,2.0,0.0,0.0,0.0,n,0.0,n,,1.0,a,side,0.0,,0.0,0.0,,swv
PJH,0.0,2024week,qm,58.0,r1,5484.0,insas,sz,0.0,,0.0,1.0,3.0,4.0,ne,1.0,0.0,0.0,0.0,0.0,n,0.0,rd,,1.0,x,side,0.0,,0.0,0.0,,swv
M.B,0.0,Columbus ,qm,3.0,b1,5188.0,bsss,sz,0.0,,0.0,0.0,2.0,0.0,ne,0.0,0.0,0.0,0.0,1.0,sbs,0.0,n,,0.0,a,side,0.0,,0.0,1.0,,swv
A.F.O,0.0,2024week0,qm,66.0,b1,9453.0,bsss,sz,0.0,,0.0,0.0,0.0,2.0,ne,0.0,0.0,0.0,0.0,1.0,ao,0.0,n,,1.0,x,side,0.0,,0.0,0.0,They don't have an auton,swv
A.F.O,0.0,2024week0,qm,63.0,r1,9453.0,bsss,sz,0.0,,0.0,0.0,0.0,1.0,ne,0.0,0.0,0.0,0.0,1.0,ao,0.0,n,,0.0,x,side,0.0,,0.0,0.0,Doesn't attempt the amp. Can't score in speaker ,
CSC ,0.0,2024week0,qm,13.0,b2,71.0,insas,sz,0.0,,1.0,0.0,6.0,4.0,ne,1.0,0.0,0.0,0.0,0.0,n,0.0,n,,1.0,x,side,0.0,,0.0,0.0,,oth
A.F.O,0.0,2024week0,qm,63.0,r1,9453.0,bsss,sz,0.0,,0.0,0.0,0.0,1.0,ne,0.0,0.0,0.0,0.0,1.0,ao,0.0,n,,0.0,x,side,0.0,,0.0,0.0,Doesn't attempt the amp. Can't score in speaker ,
A.F.O,0.0,2024week0,qm,56.0,b2,9453.0,bsss,sz,0.0,,0.0,0.0,1.0,1.0,ne,1.0,0.0,0.0,0.0,0.0,n,0.0,n,,0.0,x,side,0.0,,0.0,0.0,Can't pick note up front the floor,swv
A.F.O,0.0,2024week0,qm,50.0,r2,9453.0,bsss,sz,0.0,,0.0,0.0,0.0,1.0,n,0.0,0.0,0.0,0.0,1.0,ao,0.0,n,,1.0,a,side,0.0,,0.0,0.0,Goes to the stage with 20sec left in the match,swv
A.F.O,0.0,2024week0,qm,41.0,b3,9453.0,bsss,sz,0.0,,0.0,0.0,0.0,1.0,ne,1.0,0.0,0.0,0.0,1.0,ao,0.0,n,,1.0,a,side,0.0,,0.0,0.0,Drives mainly source side. Defends source side,sw
A.F.O,0.0,2024week0,qm,38.0,r1,9453.0,bsss,o,0.0,,0.0,0.0,0.0,1.0,ne,1.0,0.0,0.0,0.0,1.0,oth,0.0,n,,1.0,a,side,0.0,,0.0,0.0,Defends the middle of the field,swv
JLD ,0.0,2024week0,qm,63.0,b1,45.0,insas,no,0.0,,1.0,0.0,11.0,0.0,ne,0.0,0.0,0.0,0.0,0.0,n,0.0,bh,,0.0,a,side,0.0,,0.0,0.0,,swv
JAM,0.0,2024week0,qm,36.0,b1,4926.0,bsss,no,0.0,,0.0,0.0,0.0,0.0,n,0.0,0.0,0.0,0.0,0.0,n,0.0,n,,0.0,x,side,0.0,,1.0,0.0,,swv
SGG,0.0,Columbus ,sf,9.0,b1,5188.0,insas,sz,0.0,,0.0,0.0,0.0,1.0,ne,0.0,0.0,0.0,0.0,1.0,nos,0.0,bh,,0.0,x,side,0.0,,0.0,0.0,They were not a strong scorer.,swv
PJH,0.0,2024week,qm,51.0,b3,5484.0,insm,sz,0.0,,0.0,1.0,6.0,2.0,ne,1.0,0.0,0.0,0.0,0.0,n,0.0,bh,,0.0,x,side,0.0,,1.0,0.0,,swv
LF,0.0,2024week0,qm,65.0,r1,3559.0,bsss,no,0.0,,0.0,0.0,0.0,0.0,n,0.0,0.0,0.0,0.0,1.0,nos,1.0,n,,1.0,a,side,0.0,,0.0,0.0,Slow,oth
,,,,,,,,,,,,,,,,,,,,,,,,,,,,,,,,,
EAR,0.0,2024week3,qm,68.0,b1,6498.0,insm,punz,0.0,,2.0,0.0,1.0,2.0,ne,1.0,5.0,1.0,0.0,0.0,n,0.0,rd,,0.0,o,side,0.0,,0.0,0.0,,swv
EAR,0.0,2024week0,qm,59.0,b1,6498.0,insm,punz,0.0,,1.0,1.0,2.0,1.0,ne,0.0,1.0,0.0,0.0,0.0,n,0.0,n,,1.0,x,side,0.0,,0.0,0.0,,swv
EAR,0.0,2024week0,qm,55.0,r3,6498.0,insm,no,0.0,,2.0,0.0,4.0,1.0,ne,1.0,2.0,0.0,0.0,0.0,n,0.0,rd,,1.0,x,side,0.0,,0.0,0.0,,swv
EAR,0.0,2024week0,qm,46.0,b3,6498.0,insm,no,0.0,,1.0,1.0,2.0,0.0,ne,1.0,3.0,0.0,0.0,0.0,n,0.0,n,,0.0,o,side,0.0,,0.0,0.0,,swv
JLD ,0.0,2024week0,qm,58.0,r2,45.0,insas,puncl,0.0,,0.0,0.0,8.0,0.0,n,0.0,0.0,0.0,0.0,1.0,n,0.0,bh,,0.0,h,side,0.0,,0.0,0.0,,swv
JLD ,0.0,2024week0,qm,58.0,r2,45.0,insas,sz,0.0,,0.0,0.0,8.0,0.0,ne,0.0,0.0,0.0,0.0,0.0,ao,0.0,bh,,0.0,h,side,0.0,,0.0,0.0,,swv
PJH,0.0,2024week0,qm,51.0,r3,5484.0,insm,sz,0.0,,0.0,1.0,6.0,2.0,ne,1.0,0.0,0.0,0.0,0.0,n,0.0,bh,,0.0,x,side,0.0,,1.0,0.0,,swv
CSC,0.0,2024week0,qm,18.0,b1,71.0,insas,sz,0.0,,0.0,1.0,3.0,1.0,b,0.0,0.0,0.0,0.0,0.0,n,0.0,bh,,0.0,x,side,0.0,,0.0,0.0,,oth
PJH,0.0,2024week0,qm,45.0,r1,5484.0,insm,punz,0.0,,1.0,1.0,7.0,1.0,ne,1.0,0.0,0.0,0.0,0.0,n,0.0,bh,,1.0,x,side,0.0,,0.0,0.0,,swv
JLD ,0.0,2024week0,qm,52.0,r3,,insas,puncl,0.0,,2.0,0.0,8.0,2.0,ne,0.0,0.0,0.0,0.0,0.0,ao,0.0,bh,,0.0,x,side,0.0,,0.0,0.0,,swv
JAM,0.0,2024week3,qm,25.0,b2,4926.0,bas,sz,0.0,,1.0,0.0,2.0,1.0,ne,1.0,0.0,0.0,0.0,0.0,n,0.0,bh,,0.0,x,side,0.0,,1.0,0.0,Sometimes shot on pickup,oth
CDE,0.0,2024week0,qm,43.0,r1,8564.0,bas,sz,0.0,,0.0,0.0,3.0,1.0,ne,0.0,0.0,0.0,0.0,0.0,n,0.0,rd,,1.0,h,side,0.0,,0.0,0.0,,oth
PJH,0.0,2024week0,qm,40.0,b3,5484.0,insm,punz,0.0,,2.0,0.0,6.0,0.0,ne,1.0,0.0,0.0,0.0,0.0,n,0.0,bl,,1.0,x,side,0.0,,0.0,0.0,,swv
JLD ,0.0,2024week0,qm,47.0,r1,45.0,insas,no,0.0,,2.0,0.0,6.0,3.0,ne,0.0,0.0,0.0,0.0,0.0,n,0.0,bh,,0.0,a,side,0.0,,0.0,0.0,,swv
CSC,0.0,2024week0,qm,28.0,b3,71.0,insas,sz,0.0,,1.0,0.0,5.0,2.0,b,0.0,0.0,0.0,0.0,0.0,n,0.0,n,,0.0,x,side,0.0,,0.0,0.0,,oth
JAM,0.0,2024week3,qm,18.0,r1,4926.0,ifsas,sz,0.0,,1.0,0.0,1.0,1.0,ne,0.0,0.0,0.0,0.0,0.0,n,0.0,bh,,0.0,x,side,0.0,,1.0,0.0,Shot on pickup ,swv
JLD ,0.0,2024week0,qm,47.0,r1,45.0,insas,no,0.0,,2.0,0.0,6.0,3.0,ne,0.0,0.0,0.0,0.0,0.0,n,0.0,bh,,0.0,a,side,0.0,,0.0,0.0,,swv
BIF,0.0,2024week3,qm,65.0,r3,1024.0,insm,punz,0.0,,3.0,0.0,6.0,1.0,ne,1.0,0.0,0.0,0.0,0.0,n,0.0,n,,1.0,x,side,0.0,,0.0,0.0,"Incredibly fast, ",swv
CDE,0.0,2024week0,qm,39.0,b2,8564.0,bas,punz,0.0,,0.0,1.0,2.0,2.0,ne,1.0,0.0,0.0,0.0,0.0,n,0.0,bl,,1.0,h,mid,0.0,,0.0,0.0,,oth
PJH,0.0,2024week0,qm,34.0,b2,5484.0,insas,sz,0.0,,0.0,1.0,5.0,1.0,ne,1.0,0.0,0.0,0.0,0.0,n,0.0,bh,,1.0,x,side,0.0,,0.0,0.0,,swv
PJH,0.0,2024week0,qm,28.0,r2,5484.0,insm,punz,0.0,,2.0,0.0,7.0,2.0,ne,1.0,0.0,0.0,0.0,0.0,n,0.0,rd,,1.0,x,side,0.0,,0.0,0.0,,swv
JAM,0.0,2024week3,qm,13.0,r3,4926.0,ifsas,sz,0.0,,0.0,1.0,5.0,0.0,n,1.0,0.0,1.0,0.0,0.0,n,0.0,n,,0.0,x,side,0.0,,0.0,0.0,Shot 2 on pickup ,oth
AC,0.0,Columbus,sf,1.0,b2,1555.0,insm,no,0.0,,0.0,1.0,0.0,3.0,n,0.0,0.0,0.0,0.0,0.0,n,0.0,n,,0.0,x,side,0.0,,0.0,0.0,Bumped and almost tipped twice,swv
PJH,0.0,2024week0,qm,21.0,b3,5484.0,insm,punz,0.0,,2.0,0.0,1.0,0.0,ne,1.0,0.0,0.0,0.0,0.0,n,0.0,bh,,1.0,x,side,0.0,,1.0,0.0,Radio got dislodged ,swv
BIF,0.0,2024week3,qm,62.0,r3,1024.0,insm,puncl,0.0,,2.0,1.0,8.0,2.0,ne,1.0,1.0,0.0,0.0,0.0,n,0.0,n,,1.0,x,mid,0.0,,0.0,0.0,,swv
PJH,0.0,2024week0,qm,15.0,r1,8567.0,insm,punz,0.0,,1.0,1.0,6.0,2.0,ne,1.0,0.0,0.0,0.0,0.0,n,0.0,rd,,1.0,x,side,0.0,,0.0,0.0,,swv
CSC,0.0,2024week0,qm,34.0,r1,71.0,insas,no,0.0,,0.0,0.0,6.0,1.0,ne,0.0,0.0,0.0,0.0,0.0,n,0.0,n,,1.0,x,side,0.0,,0.0,0.0,Auton was skipped,oth
CDE,0.0,2024week0,qm,30.0,r3,8564.0,bas,no,0.0,,0.0,0.0,0.0,1.0,f,0.0,1.0,1.0,0.0,0.0,n,0.0,n,,1.0,o,side,0.0,,0.0,0.0,,oth
DKE,0.0,2024week0,qm,1.0,b1,8116.0,insas,afsna,0.0,,0.0,0.0,0.0,0.0,n,0.0,0.0,0.0,0.0,0.0,n,0.0,n,,0.0,x,side,0.0,,1.0,0.0,Died from the start,swv
DKE,0.0,2024week0,qm,9.0,r1,8116.0,bsss,afsna,0.0,,0.0,0.0,0.0,2.0,n,0.0,1.0,0.0,0.0,0.0,n,0.0,n,,0.0,x,side,0.0,,0.0,0.0,Moved around doing nothing,swv
DKE,0.0,2024week0,qm,17.0,r2,8116.0,bsss,afsna,0.0,,0.0,0.0,7.0,1.0,n,0.0,0.0,0.0,0.0,0.0,n,0.0,n,,1.0,a,side,0.0,,0.0,0.0,,swv
DKE,0.0,2024week0,qm,22.0,b3,8116.0,bsss,afsna,0.0,,0.0,0.0,1.0,5.0,n,0.0,0.0,0.0,0.0,0.0,n,0.0,n,,0.0,o,mid,0.0,,0.0,0.0,,swv
DKE,0.0,2024week0,qm,29.0,r1,8116.0,insm,no,0.0,,0.0,0.0,3.0,3.0,ne,0.0,0.0,0.0,0.0,0.0,n,0.0,n,,1.0,x,side,0.0,,0.0,0.0,Poor driver,swv
DKE,0.0,2024week0,qm,34.0,r3,8116.0,bas,afsna,0.0,,0.0,0.0,2.0,3.0,b,0.0,0.0,0.0,0.0,0.0,n,0.0,n,,1.0,x,side,0.0,,0.0,0.0,,swv
BIF,0.0,2024week3,qm,54.0,b1,1024.0,insm,punz,0.0,,3.0,0.0,9.0,2.0,ne,1.0,0.0,0.0,0.0,0.0,n,0.0,n,,0.0,o,mid,0.0,,0.0,0.0,,swv
M.B,0.0,Columbus ,sf,2.0,r1,5188.0,bsss,sz,0.0,,1.0,0.0,4.0,0.0,ne,0.0,0.0,0.0,0.0,0.0,nos,0.0,rd,,1.0,a,mid,0.0,,0.0,0.0,,swv
PJH,0.0,2024week2,qm,6.0,b2,5484.0,insas,sz,0.0,,0.0,0.0,7.0,0.0,ne,1.0,0.0,0.0,0.0,0.0,n,0.0,bl,,1.0,x,side,0.0,,0.0,0.0,,swv
SGG,0.0,Columbus,sf,6.0,r1,5188.0,insas,sz,0.0,,1.0,0.0,4.0,0.0,ne,0.0,0.0,0.0,0.0,0.0,n,0.0,rd,,1.0,x,side,0.0,,0.0,0.0,Had singular path and tried to avoid other bots,s
CSC,0.0,2024week0,qm,45.0,r3,71.0,insas,sz,0.0,,1.0,0.0,4.0,2.0,ne,1.0,0.0,0.0,0.0,0.0,n,0.0,bh,,1.0,x,side,0.0,,0.0,0.0,,oth
JLD ,0.0,2024week0,qm,42.0,r2,45.0,insas,sz,0.0,,1.0,0.0,0.0,0.0,b,0.0,2.0,1.0,0.0,0.0,ao,0.0,bh,,0.0,h,side,0.0,,0.0,1.0,,swv
JAM,0.0,2024week3,qm,9.0,r2,4629.0,insas,sz,0.0,,1.0,0.0,5.0,0.0,b,0.0,0.0,0.0,0.0,0.0,n,0.0,rd,,0.0,a,side,0.0,,0.0,0.0,Shot on pickup ,oth
BIF,0.0,2024week3,qm,50.0,b1,1024.0,insas,puncl,0.0,,1.0,1.0,5.0,6.0,ne,1.0,2.0,0.0,0.0,0.0,n,0.0,n,,0.0,a,mid,0.0,,0.0,0.0,,swv
CSC,0.0,2024week0,qm,50.0,r3,71.0,insas,sz,0.0,,0.0,1.0,7.0,0.0,ne,1.0,0.0,0.0,0.0,0.0,n,0.0,bh,,1.0,x,side,0.0,,0.0,0.0,,oth
JLD ,0.0,2024week0,qm,35.0,r3,45.0,insas,puncl,0.0,,2.0,0.0,7.0,1.0,ne,0.0,2.0,0.0,0.0,0.0,ao,0.0,bh,,0.0,o,side,0.0,,0.0,0.0,,swv
SGG,0.0,Columbus,qm,67.0,b3,5188.0,insm,punz,0.0,,2.0,0.0,5.0,0.0,ne,0.0,0.0,0.0,0.0,0.0,n,0.0,bl,,1.0,x,side,0.0,,0.0,0.0,Mediocre performance,swv
JAM,0.0,2024week3,qm,5.0,b3,4926.0,ifsas,sz,0.0,,1.0,0.0,4.0,0.0,n,1.0,1.0,1.0,0.0,0.0,n,0.0,n,,1.0,x,side,0.0,,0.0,0.0,,oth
PJH,0.0,2024week2,qm,50.0,b3,7454.0,ifsas,no,0.0,,1.0,0.0,0.0,0.0,n,0.0,3.0,0.0,0.0,0.0,n,0.0,n,,0.0,h,side,0.0,,0.0,0.0,,oth
M.B,0.0,Columbus ,qm,67.0,b3,5188.0,insm,punz,0.0,,2.0,0.0,4.0,0.0,ne,0.0,0.0,0.0,0.0,0.0,nos,0.0,bl,,1.0,a,mid,0.0,,0.0,0.0,,swv
JLD ,0.0,2024week0,sf,32.0,b3,45.0,insas,puncl,0.0,,2.0,0.0,9.0,0.0,n,0.0,0.0,0.0,0.0,1.0,ao,1.0,bh,,0.0,h,side,0.0,,0.0,0.0,,swv
CDE,0.0,2024week0,qm,27.0,r2,8564.0,insas,no,0.0,,0.0,1.0,0.0,1.0,ne,1.0,1.0,0.0,0.0,0.0,n,0.0,rd,,0.0,x,side,0.0,,0.0,0.0,,swv
DKE,0.0,Columbusevent2024,qm,1.0,r2,7657.0,insas,no,0.0,,1.0,0.0,2.0,3.0,ne,0.0,0.0,0.0,0.0,0.0,n,0.0,n,,0.0,h,side,0.0,,0.0,0.0,,swv
PJH,0.0,2024week2,qm,46.0,r1,7454.0,insas,sz,0.0,,1.0,0.0,1.0,0.0,n,0.0,3.0,0.0,0.0,0.0,n,0.0,n,,0.0,o,side,0.0,,0.0,0.0,,oth
JLD ,0.0,2024week0,sf,26.0,b1,45.0,ifsas,afsna,0.0,,0.0,0.0,10.0,0.0,ne,0.0,0.0,0.0,0.0,0.0,ao,0.0,bh,,0.0,h,side,0.0,,0.0,0.0,,swv
PJH,0.0,2024week2,qm,37.0,b2,7454.0,insas,sz,0.0,,1.0,0.0,5.0,1.0,ne,1.0,0.0,0.0,0.0,0.0,n,0.0,n,,1.0,x,side,0.0,,0.0,0.0,,oth
M.B,0.0,Columbus ,qm,60.0,b2,5188.0,ifsas,sz,0.0,,1.0,0.0,3.0,0.0,ne,1.0,0.0,0.0,0.0,0.0,nos,0.0,n,,1.0,a,side,0.0,,1.0,0.0,Frozen in front of speaker for about 5 seconds ,s
SGG,0.0,Columbus,qm,60.0,b2,5188.0,ifsas,sz,0.0,,1.0,0.0,3.0,0.0,ne,1.0,0.0,0.0,0.0,0.0,n,0.0,bl,,1.0,x,side,0.0,,0.0,1.0,Shooter stopped working and for 5 seconds it froze,
CDE,0.0,2024week0,qm,28.0,b2,8564.0,bas,no,0.0,,1.0,0.0,2.0,3.0,ne,0.0,1.0,1.0,0.0,0.0,n,0.0,bl,,0.0,x,side,0.0,,0.0,0.0,,oth
AC,0.0,Columbus,f,1.0,b2,1555.0,bsss,afsna,0.0,,0.0,0.0,6.0,0.0,n,0.0,0.0,0.0,0.0,0.0,n,0.0,n,,1.0,x,side,0.0,,0.0,0.0,,swv
CSC,0.0,2024week0,qm,56.0,r3,71.0,insas,sz,0.0,,0.0,1.0,0.0,0.0,n,0.0,0.0,0.0,2.0,1.0,sbs,0.0,rd,,1.0,x,side,0.0,,0.0,0.0,,oth
JLD ,0.0,2024week0,sf,22.0,b2,45.0,insas,puncl,0.0,,1.0,1.0,11.0,0.0,n,0.0,1.0,0.0,0.0,0.0,ao,0.0,n,,0.0,x,side,0.0,,0.0,0.0,,swv
DKE,0.0,Columbusevent2024,qm,10.0,b1,7657.0,insas,no,0.0,,0.0,1.0,0.0,0.0,n,0.0,1.0,0.0,0.0,0.0,n,0.0,n,,1.0,a,side,0.0,,0.0,0.0,Moved back and forth,swv
JAM,0.0,2024week3,qm,1.0,r3,6498.0,insm,punz,0.0,,2.0,0.0,2.0,2.0,n,0.0,0.0,0.0,0.0,0.0,n,0.0,n,,0.0,o,side,0.0,,0.0,0.0,,swv
PJH,0.0,2024week2,qm,29.0,r2,7454.0,insas,no,0.0,,1.0,0.0,2.0,0.0,ne,1.0,0.0,0.0,0.0,0.0,n,0.0,n,,0.0,o,side,0.0,,0.0,0.0,,oth
JLD ,0.0,2024week0,sf,14.0,b3,45.0,insas,puncl,0.0,,2.0,0.0,8.0,1.0,b,0.0,0.0,0.0,0.0,0.0,n,0.0,n,,0.0,x,side,0.0,,0.0,0.0,,swv
BIF,0.0,2024week3,qm,43.0,b1,1024.0,insm,punz,0.0,,3.0,0.0,8.0,3.0,ne,0.0,0.0,0.0,0.0,0.0,n,0.0,n,,0.0,o,mid,0.0,,0.0,0.0,,swv
JLD ,0.0,2024week0,qm,9.0,b3,2370.0,insas,puncl,0.0,,1.0,1.0,1.0,4.0,n,0.0,2.0,0.0,0.0,0.0,n,0.0,n,,0.0,x,side,0.0,,0.0,0.0,,swv
DKE,0.0,Columbusevent2024,qm,16.0,b1,7657.0,insm,punz,0.0,,2.0,0.0,1.0,1.0,ne,0.0,0.0,0.0,0.0,0.0,n,0.0,n,,0.0,x,side,0.0,,1.0,0.0,Hit speaker and died,swv
CSC,0.0,2024week0,qm,61.0,b2,71.0,insas,sz,0.0,,1.0,0.0,5.0,0.0,ne,1.0,0.0,0.0,0.0,0.0,n,0.0,bl,,0.0,x,side,0.0,,0.0,0.0,,oth
PJH,0.0,2024week2,qm,25.0,b3,7454.0,insas,sz,0.0,,1.0,0.0,0.0,1.0,n,0.0,3.0,0.0,0.0,0.0,n,0.0,n,,0.0,x,side,0.0,,0.0,0.0,,oth
BIF,0.0,2024week3,qm,39.0,b3,1024.0,insm,punz,0.0,,3.0,0.0,9.0,3.0,ne,1.0,0.0,0.0,0.0,0.0,n,0.0,n,,1.0,x,mid,0.0,,0.0,0.0,,swv
CSC,0.0,2024week0,qm,64.0,r2,71.0,insm,sz,0.0,,1.0,0.0,7.0,2.0,ne,1.0,0.0,0.0,0.0,0.0,n,0.0,rd,,1.0,x,side,0.0,,0.0,0.0,,oth
SGG,0.0,Columbus,qm,56.0,r2,5188.0,insm,punz,0.0,,1.0,0.0,5.0,0.0,ne,0.0,0.0,0.0,0.0,0.0,n,0.0,rd,,1.0,x,side,0.0,,0.0,0.0,Note got stuck in the shooter,swv
PJH,0.0,2024week2,qm,19.0,r1,7454.0,insas,sz,0.0,,0.0,1.0,3.0,0.0,ne,0.0,2.0,0.0,0.0,0.0,n,0.0,n,,1.0,x,side,0.0,,0.0,0.0,,
M.B,0.0,Columbus ,qm,56.0,r2,5188.0,insm,no,0.0,,1.0,0.0,5.0,1.0,ne,1.0,0.0,0.0,0.0,0.0,n,0.0,rd,,0.0,x,side,0.0,,1.0,1.0,"Stuck in the shooter for about 3 seconds, but it staye",oth
JLD ,0.0,2024week0,qm,3.0,b1,3559.0,ifsas,no,0.0,,0.0,0.0,0.0,0.0,n,0.0,0.0,0.0,0.0,1.0,n,0.0,n,,0.0,a,mid,0.0,,0.0,0.0,,swv
BIF,0.0,2024week3,qm,34.0,r2,1024.0,insm,punz,0.0,,2.0,0.0,6.0,2.0,n,1.0,1.0,0.0,0.0,0.0,n,0.0,n,,0.0,o,mid,0.0,,0.0,0.0,,swv
PJH,0.0,2024week2,qm,12.0,r3,7454.0,insas,sz,0.0,,1.0,0.0,0.0,0.0,n,0.0,2.0,0.0,0.0,0.0,n,0.0,n,,0.0,o,mid,0.0,,0.0,0.0,,oth
CDE,0.0,2024week0,sf,6.0,b3,1720.0,insm,sz,0.0,,1.0,0.0,7.0,1.0,ne,0.0,0.0,0.0,0.0,0.0,n,0.0,n,,0.0,x,side,0.0,,0.0,0.0,,swv
DKE,0.0,Columbusevent2024,qm,20.0,r2,7657.0,insm,punz,0.0,,2.0,0.0,1.0,0.0,ne,0.0,0.0,0.0,0.0,0.0,n,0.0,rd,,0.0,h,side,0.0,,0.0,0.0,,swv
CSC,0.0,2024week0,sf,4.0,b2,71.0,insas,no,0.0,,1.0,0.0,2.0,0.0,ne,1.0,0.0,0.0,2.0,0.0,n,1.0,bh,,0.0,x,side,0.0,,0.0,0.0,,oth
AC,0.0,Columbus,qm,60.0,r1,1555.0,bsss,afsna,0.0,,0.0,0.0,4.0,2.0,n,0.0,0.0,0.0,0.0,0.0,n,0.0,n,,1.0,x,side,0.0,,0.0,0.0,"Got rammed, badly damaged shooter/driving",swv
JLD ,0.0,2024week0,qm,8.0,b3,3559.0,bas,sz,0.0,,0.0,1.0,0.0,2.0,b,0.0,0.0,0.0,0.0,0.0,ao,0.0,n,,0.0,a,mid,0.0,,0.0,0.0,,swv
JAM,0.0,2024week0,qm,6.0,r1,6498.0,insas,sz,0.0,,0.0,0.0,3.0,2.0,ne,0.0,0.0,0.0,0.0,0.0,n,0.0,n,,0.0,x,side,0.0,,1.0,0.0,,swv
BIF,0.0,2024week3,sf,1.0,r1,8430.0,bsss,sz,0.0,,0.0,0.0,0.0,0.0,n,0.0,0.0,0.0,0.0,1.0,sbs,0.0,n,,0.0,x,side,0.0,,0.0,0.0,,swv
CSC,0.0,2024week0,sf,6.0,b2,71.0,insas,sz,0.0,,1.0,0.0,4.0,1.0,ne,1.0,0.0,0.0,0.0,0.0,n,0.0,bh,,1.0,x,side,0.0,,0.0,0.0,,oth
PJH,0.0,2024week2,qm,8.0,b3,7454.0,insm,sz,0.0,,1.0,0.0,2.0,0.0,ne,1.0,3.0,0.0,0.0,0.0,n,0.0,n,,0.0,x,side,0.0,,0.0,0.0,,oth
DKE,0.0,Columbusevent2024,qm,23.0,b1,7657.0,insm,punz,0.0,,2.0,0.0,1.0,0.0,ne,0.0,0.0,0.0,0.0,0.0,n,0.0,bh,,0.0,a,side,0.0,,0.0,0.0,,swv
CDE,0.0,2024week0,sf,4.0,b3,1720.0,insm,punz,0.0,,1.0,0.0,4.0,1.0,ne,0.0,0.0,0.0,0.0,0.0,n,0.0,n,,1.0,a,side,0.0,,0.0,0.0,,swv
M.B,0.0,Columbus ,qm,49.0,r2,5188.0,insm,no,0.0,,1.0,1.0,3.0,0.0,ne,0.0,0.0,0.0,0.0,0.0,ao,0.0,rd,,0.0,x,side,0.0,,0.0,1.0,5188 kinda struggled to pick up notes right at the wa,
JLD ,0.0,2024week0,qm,12.0,b3,3559.0,insas,no,0.0,,0.0,0.0,3.0,0.0,n,0.0,0.0,0.0,0.0,1.0,n,0.0,n,,0.0,x,side,0.0,,0.0,0.0,,swv
JAM,0.0,2024week0,qm,12.0,r2,5687.0,insm,no,0.0,,1.0,0.0,0.0,0.0,n,0.0,0.0,0.0,0.0,0.0,n,0.0,n,,0.0,x,side,0.0,,1.0,0.0,,swv
BIF,0.0,2024week3,qm,65.0,r2,8430.0,insas,no,0.0,,0.0,0.0,0.0,0.0,n,0.0,7.0,0.0,0.0,0.0,n,0.0,n,,0.0,x,side,0.0,,0.0,0.0,Only scored amp,swv
CSC,0.0,2024week0,qm,66.0,b1,9453.0,bsss,sz,0.0,,0.0,0.0,0.0,2.0,ne,1.0,0.0,0.0,0.0,1.0,ao,0.0,n,,1.0,a,side,0.0,,0.0,0.0,Bad driving ,oth
PJH,0.0,2024week2,qm,2.0,r1,7454.0,ifsas,sz,0.0,,1.0,0.0,1.0,0.0,ne,1.0,2.0,0.0,0.0,0.0,n,0.0,n,,1.0,x,side,0.0,,0.0,0.0,,oth
JLD ,0.0,2024week0,qm,23.0,r2,,insas,no,0.0,,0.0,0.0,3.0,0.0,n,0.0,0.0,0.0,0.0,0.0,n,0.0,bh,,0.0,x,side,0.0,,0.0,0.0,,swv
DKE,0.0,Columbusevent2024,qm,31.0,b3,7657.0,ifsas,punz,0.0,,1.0,0.0,1.0,0.0,ne,0.0,0.0,0.0,0.0,0.0,n,0.0,n,,1.0,a,side,0.0,,0.0,0.0,Driving seems different,swv
CSC,0.0,2024week0,qm,63.0,r1,9453.0,bsss,sz,0.0,,0.0,0.0,0.0,1.0,ne,1.0,0.0,0.0,0.0,1.0,ao,0.0,n,,0.0,x,side,0.0,,0.0,0.0,,oth
BIF,0.0,2024week3,qm,62.0,b1,8430.0,bas,no,0.0,,0.0,0.0,0.0,0.0,n,0.0,3.0,0.0,0.0,0.0,n,0.0,n,,0.0,o,side,0.0,,0.0,0.0,,swv
JLD ,0.0,2024week0,qm,27.0,r3,3559.0,ifsas,no,0.0,,1.0,1.0,2.0,0.0,n,0.0,0.0,0.0,0.0,0.0,ao,0.0,bh,,0.0,a,side,0.0,,0.0,0.0,,swv
CDE,0.0,2024week0,sf,68.0,b3,1720.0,insas,sz,0.0,,0.0,0.0,3.0,1.0,ne,1.0,0.0,0.0,0.0,0.0,n,0.0,bl,,1.0,o,mid,0.0,,0.0,0.0,,swv
DKE,0.0,Columbusevent2024,qm,35.0,b3,7657.0,ifsas,no,0.0,,1.0,0.0,1.0,1.0,ne,0.0,0.0,0.0,0.0,0.0,n,0.0,n,,0.0,x,side,0.0,,1.0,0.0,,swv
CSC,0.0,2024week0,qm,56.0,b2,9453.0,bsss,sz,0.0,,0.0,0.0,1.0,0.0,ne,1.0,0.0,0.0,0.0,0.0,n,0.0,n,,0.0,a,side,0.0,,0.0,0.0,,oth
BIF,0.0,2024week3,qm,56.0,r1,8430.0,bas,no,0.0,,0.0,0.0,0.0,0.0,n,0.0,5.0,0.0,0.0,0.0,n,0.0,n,,0.0,a,side,0.0,,0.0,0.0,,swv
M.B,0.0,Columbus ,qm,44.0,r1,5188.0,insm,punz,0.0,,1.0,0.0,4.0,2.0,ne,0.0,0.0,1.0,0.0,0.0,n,0.0,rd,,1.0,a,mid,0.0,,0.0,0.0,,swv
JLD ,0.0,2024week0,qm,32.0,b1,3559.0,insas,no,0.0,,0.0,0.0,2.0,0.0,n,0.0,0.0,0.0,0.0,0.0,ao,0.0,n,,1.0,x,side,0.0,,0.0,0.0,,swv
CSC,0.0,2024week0,qm,50.0,r2,9453.0,bsss,sz,0.0,,0.0,0.0,0.0,1.0,ne,1.0,0.0,0.0,0.0,1.0,ao,0.0,n,,1.0,a,side,0.0,,0.0,0.0,,oth
AC,0.0,Columbus,qm,55.0,r2,1555.0,bsss,afsna,0.0,,0.0,0.0,2.0,2.0,n,0.0,0.0,0.0,0.0,0.0,n,0.0,n,,1.0,x,side,0.0,,0.0,0.0,Broken shooter,swv
M.B,0.0,Columbus ,qm,35.0,b2,5188.0,insm,sz,0.0,,1.0,0.0,8.0,5.0,ne,1.0,0.0,0.0,0.0,0.0,n,0.0,bl,,0.0,x,side,0.0,,0.0,0.0,"Good, effective intake ",swv
JP,0.0,TEST_PLAINFIELD,qm,54.0,b3,234.0,insm,punz,0.0,,1.0,1.0,6.0,0.0,n,0.0,1.0,0.0,0.0,0.0,n,0.0,bl,,0.0,o,mid,0.0,0.0,0.0,0.0,,swv
JP,0.0,TEST_PLAINFIELD,qm,66.0,b3,234.0,insas,sz,0.0,,0.0,1.0,2.0,1.0,ne,0.0,0.0,0.0,0.0,0.0,oth,0.0,n,,1.0,x,n,0.0,0.0,0.0,0.0,started defending mid match,swv
JP,0.0,TEST_PLAINFIELD,qm,62.0,b1,234.0,insm,punz,0.0,,3.0,0.0,3.0,1.0,ne,0.0,0.0,1.0,0.0,0.0,n,0.0,rd,,0.0,x,n,0.0,0.0,0.0,0.0,,swv
JP,0.0,TEST_PLAINFIELD,qm,49.0,b2,234.0,insas,sz,0.0,,1.0,0.0,4.0,1.0,n,0.0,0.0,0.0,0.0,0.0,n,0.0,n,,0.0,x,n,0.0,0.0,0.0,0.0,,swv
JP,0.0,TEST_PLAINFIELD,qm,45.0,b2,234.0,insas,afsna,0.0,,0.0,0.0,8.0,2.0,ne,0.0,0.0,0.0,0.0,0.0,n,0.0,n,,0.0,x,n,0.0,0.0,0.0,0.0,Didn't try amp this time ,swv
JP,0.0,TEST_PLAINFIELD,qm,41.0,r2,234.0,insm,sz,0.0,,1.0,1.0,1.0,1.0,ne,0.0,2.0,0.0,0.0,0.0,n,0.0,n,,1.0,x,n,0.0,0.0,0.0,0.0,Got stuck in blue stages chains ,swv
JP,0.0,TEST_PLAINFIELD,qm,33.0,b1,234.0,insas,sz,0.0,,0.0,1.0,4.0,0.0,n,0.0,2.0,0.0,0.0,0.0,n,0.0,n,,0.0,x,n,0.0,0.0,1.0,0.0,,swv
JP,0.0,TEST_PLAINFIELD,qm,24.0,r2,234.0,insas,puncl,0.0,,2.0,0.0,6.0,1.0,n,0.0,0.0,0.0,0.0,0.0,n,0.0,bh,,0.0,o,side,0.0,0.0,0.0,0.0,,swv
JP,0.0,TEST_PLAINFIELD,qm,21.0,r1,234.0,insm,punz,0.0,,2.0,0.0,5.0,1.0,ne,0.0,4.0,0.0,0.0,0.0,n,0.0,rd,,1.0,x,side,0.0,0.0,0.0,0.0,,swv
JP,0.0,TEST_PLAINFIELD,qm,15.0,b3,234.0,insm,sz,0.0,,0.0,1.0,5.0,1.0,ne,0.0,4.0,0.0,0.0,0.0,n,0.0,n,,0.0,o,mid,0.0,0.0,0.0,0.0,,swv
JP,0.0,TEST_PLAINFIELD,qm,10.0,r1,234.0,insm,no,0.0,,2.0,0.0,2.0,2.0,ne,0.0,1.0,0.0,0.0,0.0,n,0.0,rd,,0.0,h,side,0.0,0.0,0.0,0.0,,swv
JP,0.0,234Test_Plainfield,qm,1.0,r3,234.0,insm,punz,0.0,,5.0,0.0,7.0,0.0,n,0.0,2.0,0.0,0.0,0.0,n,0.0,n,,0.0,o,mid,0.0,0.0,0.0,0.0,,swv
JAM,0.0,2024week0,qm,18.0,b2,,insm,punz,0.0,,1.0,1.0,3.0,1.0,n,0.0,1.0,1.0,0.0,0.0,n,0.0,n,,0.0,o,side,0.0,,0.0,0.0,,swv
JAM,0.0,2024week3,qm,28.0,r1,6498.0,insm,punz,0.0,,2.0,0.0,0.0,0.0,n,0.0,4.0,0.0,0.0,0.0,n,0.0,n,,0.0,x,side,0.0,,1.0,0.0,,swv
JAM,0.0,2024week3,qm,32.0,b2,6498.0,insm,punz,0.0,,1.0,0.0,1.0,0.0,n,0.0,1.0,1.0,0.0,0.0,n,0.0,n,,0.0,h,side,0.0,,0.0,0.0,,swv
JAM,0.0,2024week3,qm,36.0,b2,6498.0,bas,sz,0.0,,1.0,0.0,0.0,0.0,n,0.0,4.0,1.0,0.0,0.0,n,0.0,n,,0.0,x,side,0.0,,0.0,0.0,,swv
JAM,0.0,2024week3,qm,37.0,r3,6498.0,insas,punz,0.0,,1.0,0.0,3.0,0.0,ne,0.0,0.0,0.0,0.0,0.0,n,0.0,n,,0.0,x,side,0.0,,0.0,0.0,,swv
JAM,0.0,2024week3,qm,37.0,r3,6498.0,insas,punz,0.0,,1.0,0.0,3.0,0.0,ne,0.0,0.0,0.0,0.0,0.0,n,0.0,n,,0.0,x,side,0.0,,0.0,0.0,,swv
JAM,0.0,2024week3,qm,43.0,r3,6498.0,insas,punz,0.0,,1.0,0.0,3.0,0.0,ne,0.0,0.0,0.0,0.0,0.0,n,0.0,n,,0.0,x,side,0.0,,0.0,0.0,,swv
JAM,0.0,2024week0,qm,46.0,b3,6498.0,insm,punz,0.0,,1.0,1.0,3.0,0.0,ne,1.0,3.0,0.0,0.0,0.0,n,0.0,n,,1.0,a,side,0.0,,0.0,0.0,,swv
JAM,0.0,2024week0,qm,55.0,r3,6498.0,insm,punz,0.0,,2.0,0.0,4.0,0.0,ne,0.0,2.0,1.0,0.0,0.0,n,0.0,n,,0.0,x,side,0.0,,0.0,0.0,,swv
JAM,0.0,2024week0,qm,59.0,b1,6498.0,insm,punz,0.0,,1.0,1.0,3.0,0.0,n,0.0,2.0,0.0,0.0,0.0,n,0.0,n,,1.0,x,side,0.0,,0.0,0.0,,swv
JAM,0.0,2024week3,qm,68.0,b1,6498.0,insm,punz,0.0,,2.0,0.0,1.0,2.0,ne,1.0,5.0,0.0,0.0,0.0,n,0.0,rd,,1.0,x,side,0.0,,0.0,0.0,,swv
JAM,0.0,2024week0,qm,70.0,b1,3890.0,bsss,no,0.0,,0.0,0.0,0.0,0.0,n,0.0,0.0,0.0,0.0,1.0,ao,0.0,n,,1.0,a,n,0.0,0.0,0.0,0.0,,swv
JAM,0.0,2024week4,qm,62.0,r2,3890.0,bsss,no,0.0,,0.0,0.0,0.0,0.0,n,0.0,0.0,0.0,0.0,0.0,ao,0.0,n,,0.0,x,n,0.0,0.0,0.0,0.0,,swv
JAM,0.0,2024week4,qm,56.0,r1,3890.0,bsss,no,0.0,,0.0,0.0,0.0,0.0,n,0.0,0.0,0.0,0.0,1.0,oth,0.0,n,,1.0,x,n,0.0,0.0,0.0,0.0,,swv
JAM,0.0,2024week4,qm,53.0,r1,3890.0,bsss,no,0.0,,0.0,0.0,0.0,0.0,n,0.0,0.0,0.0,0.0,0.0,ao,0.0,n,,1.0,x,n,0.0,0.0,0.0,0.0,,swv
JAM,0.0,2024week4,qm,38.0,r2,3890.0,bsss,no,0.0,,0.0,0.0,0.0,0.0,n,0.0,0.0,0.0,0.0,1.0,nos,0.0,n,,0.0,x,n,0.0,0.0,0.0,0.0,,swv
JAM,0.0,2024week0,qm,40.0,r3,4008.0,bsss,afsna,0.0,,0.0,0.0,0.0,1.0,n,0.0,0.0,0.0,0.0,1.0,nos,0.0,n,,1.0,x,n,0.0,0.0,0.0,0.0,,oth
JAM,0.0,2024week0,qm,43.0,b2,4008.0,bsss,afsna,0.0,,0.0,0.0,0.0,1.0,n,0.0,0.0,0.0,0.0,1.0,nos,0.0,n,,1.0,x,n,0.0,0.0,0.0,0.0,Pushable,oth
JAM,0.0,2024week0,qm,52.0,r1,4008.0,bsss,afsna,0.0,,0.0,0.0,0.0,1.0,n,0.0,0.0,0.0,0.0,1.0,nos,0.0,n,,0.0,x,n,0.0,0.0,1.0,0.0,,oth
JAM,0.0,2024week0,qm,57.0,b2,4008.0,bsss,afsna,0.0,,0.0,0.0,0.0,1.0,n,0.0,0.0,0.0,0.0,1.0,nos,0.0,n,,1.0,x,n,0.0,0.0,0.0,0.0,,oth
JAM,0.0,2024week0,qm,62.0,r3,4008.0,bsss,afsna,0.0,,0.0,0.0,0.0,1.0,n,0.0,0.0,0.0,0.0,1.0,oth,0.0,n,,1.0,x,n,0.0,0.0,0.0,0.0,,oth
JAM,0.0,2024week0,qm,65.0,b1,4008.0,bsss,afsna,0.0,,0.0,0.0,0.0,0.0,n,0.0,0.0,0.0,0.0,1.0,nos,0.0,n,,0.0,x,n,0.0,0.0,1.0,0.0,,oth
JAM,0.0,2024week0,qm,43.0,b2,3890.0,bas,afsna,0.0,,0.0,0.0,0.0,0.0,n,0.0,0.0,0.0,0.0,0.0,n,0.0,n,,1.0,x,n,0.0,0.0,0.0,0.0,,swv
JAM,0.0,2024week0,f,1.0,r1,868.0,insm,puncl,0.0,,5.0,0.0,9.0,0.0,b,0.0,0.0,0.0,0.0,0.0,n,1.0,n,,1.0,o,mid,0.0,0.0,0.0,0.0,,swv
JAM,0.0,2024week0,sf,11.0,r1,868.0,insm,puncl,0.0,,4.0,1.0,7.0,0.0,b,0.0,0.0,0.0,0.0,0.0,n,0.0,n,,0.0,x,n,0.0,0.0,1.0,0.0,,swv
M.B,0.0,Plainfield Event,qm,35.0,r3,4485.0,ifsas,afsna,0.0,,0.0,0.0,0.0,1.0,n,0.0,0.0,0.0,0.0,1.0,ao,0.0,bh,,0.0,a,mid,0.0,0.0,0.0,0.0,"just played defensive, didn't score at",
M.B,0.0,Plainfield ,qm,4.0,b2,4485.0,ifsas,afsna,0.0,,0.0,0.0,0.0,5.0,ne,0.0,0.0,0.0,0.0,1.0,sbs,0.0,bh,,0.0,x,side,0.0,0.0,0.0,0.0,"Weak shooter, notes seem to be squished i",
M.B,0.0,Plainfield ,qm,12.0,b3,4485.0,ifsas,afsna,0.0,,0.0,0.0,0.0,1.0,n,0.0,0.0,0.0,0.0,1.0,sbs,0.0,bh,,0.0,o,side,0.0,0.0,0.0,0.0,,swv
M.B,0.0,Plainfield ,qm,19.0,r2,4485.0,insm,afsna,0.0,,0.0,0.0,0.0,4.0,n,0.0,0.0,2.0,0.0,0.0,n,0.0,n,,0.0,a,mid,0.0,0.0,1.0,0.0,Notes slip out of robot before going up shoote,
M.B,0.0,Plainfield Event ,qm,25.0,b3,4485.0,ifsas,afsna,0.0,,0.0,0.0,0.0,1.0,n,0.0,0.0,0.0,0.0,1.0,sbs,0.0,n,,0.0,x,n,0.0,0.0,0.0,0.0,"Weak, inefficient shooter, this time ve",
M.B,0.0,Smoky Mountains Regional ,sf,4.0,b2,234.0,bas,o,0.0,,2.0,0.0,2.0,1.0,f,0.0,0.0,1.0,0.0,1.0,ao,0.0,bh,,1.0,a,side,0.0,,0.0,1.0,,oth
M.B,0.0,Plainfield Event,qm,35.0,r3,4485.0,ifsas,afsna,0.0,,0.0,0.0,0.0,1.0,n,0.0,0.0,0.0,0.0,1.0,ao,0.0,bh,,0.0,a,mid,0.0,0.0,0.0,0.0,"just played defensive, didn't score at",
JAM,0.0,2024week0,sf,7.0,b3,868.0,insm,puncl,0.0,,4.0,1.0,10.0,2.0,f,0.0,0.0,0.0,0.0,0.0,n,0.0,n,,0.0,x,n,0.0,0.0,0.0,0.0,,swv
JP,0.0,TEST_PLAINFIELD,sf,4.0,b3,234.0,insm,no,0.0,,1.0,1.0,4.0,1.0,ne,0.0,0.0,0.0,0.0,0.0,n,0.0,rd,,1.0,x,n,0.0,0.0,0.0,0.0,,swv
CSC,0.0,2024week0,qm,4.0,r2,4909.0,insm,sz,0.0,,0.0,0.0,4.0,0.0,ne,1.0,0.0,0.0,0.0,0.0,n,0.0,n,,0.0,o,mid,0.0,0.0,0.0,0.0,Climbed at 40 sec,swv
CSC,0.0,2024week0,qm,11.0,b2,1720.0,insas,sz,0.0,,1.0,0.0,1.0,1.0,ne,1.0,0.0,0.0,0.0,1.0,nos,0.0,n,,1.0,a,side,0.0,0.0,0.0,0.0,,swv
CSC,0.0,2024week0,qm,15.0,b2,1720.0,insas,sz,0.0,,0.0,0.0,0.0,0.0,ne,0.0,0.0,0.0,0.0,1.0,ao,0.0,n,,1.0,a,mid,0.0,0.0,0.0,0.0,,swv
CSC,0.0,2024week0,qm,18.0,r2,1720.0,insas,sz,0.0,,1.0,0.0,0.0,0.0,n,0.0,0.0,0.0,0.0,1.0,ao,0.0,n,,0.0,a,side,0.0,0.0,0.0,1.0,Bumped off of the chain,swv
CSC,0.0,2024week0,qm,23.0,r1,1720.0,insm,sz,0.0,,0.0,0.0,0.0,0.0,n,0.0,0.0,0.0,2.0,1.0,ao,0.0,n,,0.0,o,mid,0.0,0.0,0.0,0.0,Never able to shoot,swv
EAR,0.0,2024week2,f,2.0,b3,3452.0,bsss,sz,0.0,,1.0,0.0,4.0,0.0,n,1.0,0.0,0.0,0.0,0.0,n,0.0,n,,1.0,x,mid,0.0,0.0,0.0,0.0,,swv
EAR,0.0,2024week2,f,1.0,b3,3452.0,bsss,sz,0.0,,0.0,1.0,7.0,3.0,n,0.0,0.0,0.0,0.0,0.0,n,0.0,bl,,1.0,x,n,0.0,0.0,0.0,0.0,,swv
EAR,0.0,2024week2,sf,13.0,r1,3452.0,bsss,no,0.0,,1.0,0.0,7.0,1.0,n,0.0,0.0,0.0,0.0,0.0,n,0.0,bh,,1.0,x,n,0.0,0.0,0.0,0.0,,swv
EAR,0.0,2024week2,sf,8.0,b3,3452.0,bsss,puncl,0.0,,1.0,0.0,7.0,0.0,n,0.0,0.0,0.0,0.0,0.0,n,0.0,bh,,0.0,x,n,0.0,0.0,0.0,0.0,,swv
EAR,0.0,2024week2,sf,4.0,r1,3452.0,bsss,sz,0.0,,0.0,1.0,5.0,3.0,n,0.0,0.0,0.0,0.0,0.0,n,0.0,bh,,1.0,x,n,0.0,0.0,0.0,0.0,,swv
EAR,0.0,2024week2,qm,76.0,b1,3452.0,insm,no,0.0,,1.0,2.0,10.0,2.0,n,0.0,0.0,0.0,0.0,0.0,n,0.0,bh,,1.0,x,n,0.0,0.0,0.0,0.0,,swv
EAR,0.0,2024week2,qm,69.0,b3,3452.0,insm,no,0.0,,1.0,2.0,6.0,2.0,n,0.0,0.0,0.0,0.0,0.0,n,0.0,bh,,1.0,x,n,0.0,0.0,0.0,0.0,,swv
EAR,0.0,2024week2,qm,58.0,r3,3452.0,bsss,no,0.0,,0.0,3.0,8.0,4.0,n,0.0,0.0,0.0,0.0,0.0,n,0.0,bh,,1.0,x,n,0.0,0.0,0.0,0.0,,swv
EAR,0.0,2024week2,qm,53.0,r1,3452.0,bsss,no,0.0,,0.0,0.0,1.0,2.0,n,0.0,0.0,0.0,0.0,0.0,n,0.0,n,,0.0,x,n,0.0,0.0,1.0,0.0,,swv
EAR,0.0,2024week2,qm,46.0,b2,3452.0,bas,no,0.0,,1.0,0.0,6.0,2.0,n,0.0,0.0,0.0,0.0,0.0,n,0.0,bh,,1.0,a,mid,0.0,0.0,0.0,0.0,,swv
EAR,0.0,2024week2,qm,39.0,b2,3452.0,bas,no,0.0,,1.0,0.0,4.0,0.0,n,0.0,0.0,0.0,0.0,0.0,n,0.0,bh,,1.0,x,n,0.0,0.0,0.0,0.0,,swv
EAR,0.0,2024week2,qm,35.0,r1,3452.0,insm,no,0.0,,0.0,1.0,9.0,1.0,n,0.0,0.0,0.0,0.0,0.0,n,0.0,bh,,1.0,x,n,0.0,0.0,0.0,0.0,,swv
EAR,0.0,2024week2,qm,31.0,r2,3452.0,insas,no,0.0,,0.0,1.0,10.0,1.0,n,0.0,0.0,0.0,0.0,0.0,n,0.0,bh,,1.0,x,n,0.0,0.0,0.0,0.0,,swv
EAR,0.0,2024week2,qm,24.0,b3,3452.0,insm,punz,0.0,,1.0,0.0,4.0,1.0,n,0.0,0.0,0.0,0.0,0.0,n,0.0,bh,,1.0,a,n,0.0,0.0,0.0,0.0,,swv
EAR,0.0,2024week2,qm,17.0,r2,3452.0,bas,no,0.0,,0.0,1.0,3.0,1.0,n,0.0,0.0,0.0,0.0,0.0,n,0.0,bh,,0.0,x,n,0.0,0.0,0.0,0.0,,swv
EAR,0.0,2024week2,qm,12.0,b3,3452.0,insm,no,0.0,,0.0,1.0,5.0,2.0,n,0.0,0.0,2.0,0.0,0.0,n,0.0,n,,1.0,x,n,0.0,0.0,0.0,0.0,,swv
EAR,0.0,2024week2,qm,6.0,b1,3452.0,insm,no,0.0,,0.0,1.0,8.0,0.0,n,0.0,1.0,1.0,0.0,0.0,n,0.0,bh,,0.0,x,n,0.0,0.0,0.0,0.0,,swv
EAR,0.0,2024week1,qm,26.0,r3,5402.0,bas,punz,0.0,,1.0,1.0,6.0,0.0,n,0.0,2.0,0.0,0.0,0.0,n,0.0,bh,,1.0,o,side,0.0,0.0,0.0,0.0,,swv
EAR,0.0,2024week1,qm,26.0,r3,5402.0,bas,punz,0.0,,1.0,1.0,6.0,0.0,n,0.0,2.0,0.0,0.0,0.0,n,0.0,bh,,1.0,o,side,0.0,0.0,0.0,0.0,,swv
EAR,0.0,2024week1,qm,18.0,b2,5402.0,bsss,sz,0.0,,1.0,0.0,1.0,0.0,n,0.0,2.0,0.0,0.0,0.0,n,0.0,bl,,0.0,x,n,0.0,0.0,1.0,0.0,,swv
EAR,0.0,2024week1,qm,14.0,b2,5402.0,bas,no,0.0,,0.0,2.0,4.0,2.0,n,0.0,0.0,0.0,0.0,0.0,n,0.0,bl,,0.0,o,mid,0.0,0.0,0.0,0.0,,swv
EAR,0.0,2024week1,qm,6.0,r3,5402.0,bas,no,0.0,,0.0,1.0,0.0,0.0,n,0.0,0.0,0.0,0.0,1.0,nos,0.0,n,,1.0,o,mid,0.0,0.0,0.0,0.0,Great defense near source,swv
EAR,0.0,2024week1,qm,1.0,r3,5402.0,bas,no,0.0,,1.0,0.0,4.0,2.0,n,0.0,1.0,0.0,0.0,0.0,n,0.0,n,,0.0,x,n,0.0,0.0,0.0,0.0,,swv
EAR,0.0,2024week1,qm,46.0,r3,7657.0,insm,no,0.0,,2.0,0.0,0.0,0.0,n,0.0,0.0,0.0,0.0,0.0,nos,0.0,n,,1.0,a,side,0.0,0.0,0.0,0.0,,swv
EAR,0.0,2024week1,sf,6.0,r3,7657.0,insm,no,0.0,,2.0,1.0,2.0,0.0,n,0.0,0.0,1.0,0.0,1.0,nos,0.0,n,,1.0,x,n,0.0,0.0,0.0,0.0,,swv
CSC,0.0,2024week0,qm,30.0,b1,1720.0,insas,sz,0.0,,1.0,0.0,7.0,2.0,ne,1.0,0.0,0.0,0.0,0.0,n,0.0,rd,,0.0,o,mid,0.0,0.0,0.0,0.0,,swv
JP,0.0,TEST_PLAINFIELD,qm,9.0,b3,234.0,insas,sz,0.0,,1.0,0.0,7.0,2.0,ne,0.0,0.0,0.0,0.0,0.0,n,0.0,n,,1.0,x,n,0.0,0.0,0.0,0.0,,swv
CSC,0.0,2024week0,qm,37.0,r3,1720.0,insas,sz,0.0,,0.0,0.0,7.0,1.0,ne,1.0,0.0,0.0,0.0,0.0,n,0.0,bh,,0.0,o,mid,0.0,0.0,0.0,0.0,,swv
JAM,0.0,2024week0,sf,868.0,b3,2.0,insm,puncl,0.0,,4.0,1.0,7.0,5.0,b,0.0,0.0,0.0,0.0,0.0,n,0.0,n,,0.0,x,n,0.0,0.0,1.0,0.0,,swv
JP,0.0,TEST_PLAINFIELD,sf,6.0,b3,234.0,insas,no,0.0,,0.0,0.0,8.0,1.0,ne,0.0,0.0,0.0,0.0,0.0,n,0.0,n,,1.0,x,n,0.0,0.0,0.0,0.0,,swv
M.B,0.0,Plainfield ,sf,6.0,r1,4485.0,insas,afsna,0.0,,0.0,0.0,0.0,1.0,ne,0.0,0.0,0.0,0.0,1.0,sbs,0.0,bh,,0.0,x,n,0.0,0.0,0.0,0.0,Defensive alot,swv
SGG,0.0,Plainfield ,qm,5.0,r3,1747.0,insas,no,0.0,,1.0,0.0,0.0,0.0,n,0.0,5.0,0.0,0.0,0.0,n,0.0,rd,,1.0,a,side,0.0,0.0,0.0,0.0,Mainly an amp scorer.,swv
SGG,0.0,Plainfield ,qm,9.0,b3,1747.0,insas,no,0.0,,1.0,0.0,1.0,1.0,ne,0.0,3.0,0.0,0.0,0.0,n,0.0,n,,1.0,h,side,0.0,0.0,0.0,0.0,,swv
SGG,0.0,Plainfield ,qm,16.0,r1,1747.0,insm,sz,0.0,,1.0,0.0,9.0,0.0,ne,0.0,1.0,0.0,0.0,0.0,n,0.0,n,,1.0,o,mid,0.0,0.0,0.0,0.0,,swv
SGG,0.0,Plainfield ,qm,19.0,b2,1747.0,ifsas,sz,0.0,,1.0,0.0,8.0,1.0,ne,0.0,0.0,0.0,0.0,0.0,n,0.0,n,,1.0,o,mid,0.0,0.0,0.0,0.0,,swv
SGG,0.0,Plainfield ,qm,28.0,r3,1747.0,bas,no,0.0,,1.0,0.0,4.0,1.0,ne,0.0,0.0,0.0,0.0,0.0,n,0.0,n,,1.0,h,mid,0.0,0.0,0.0,0.0,Stayed still during auton,swv
SGG ,0.0,2024week0,qm,32.0,r1,1747.0,ifsas,sz,0.0,,0.0,1.0,10.0,0.0,ne,1.0,1.0,0.0,0.0,0.0,n,0.0,n,,1.0,o,side,0.0,0.0,0.0,0.0,,swv
SGG,0.0,Plainfield ,qm,39.0,b2,1747.0,insas,sz,0.0,,0.0,1.0,7.0,1.0,n,1.0,0.0,0.0,0.0,0.0,n,0.0,n,,1.0,o,mid,0.0,0.0,0.0,0.0,,swv
SGG,0.0,Plainfield ,qm,47.0,r2,1747.0,ifsas,no,0.0,,1.0,0.0,7.0,1.0,n,1.0,1.0,0.0,0.0,0.0,n,0.0,n,,1.0,o,side,0.0,0.0,0.0,0.0,,swv
CSC,0.0,2024week0,qm,45.0,b3,1720.0,insas,sz,0.0,,0.0,1.0,3.0,0.0,ne,1.0,0.0,0.0,0.0,0.0,n,0.0,n,,0.0,o,mid,0.0,0.0,0.0,0.0,,swv
SGG,0.0,Plainfield ,qm,50.0,r1,1747.0,insas,sz,0.0,,0.0,1.0,5.0,0.0,ne,1.0,0.0,0.0,0.0,0.0,n,0.0,n,,0.0,x,n,0.0,0.0,1.0,0.0,Died with a minute left in the match ,swv
CSC,0.0,2024week0,qm,49.0,r3,1720.0,ifsas,no,0.0,,0.0,1.0,0.0,0.0,n,0.0,0.0,0.0,0.0,0.0,n,0.0,n,,1.0,x,side,0.0,0.0,1.0,0.0,Moved at the very end,swv
SGG ,0.0,Plainfield ,qm,58.0,b1,1747.0,insas,sz,0.0,,1.0,0.0,7.0,0.0,n,0.0,0.0,0.0,0.0,0.0,n,0.0,bh,,1.0,o,mid,0.0,0.0,0.0,0.0,,swv
M.B,0.0,Plainfield ,sf,3.0,b3,4485.0,insas,afsna,0.0,,0.0,0.0,0.0,1.0,n,0.0,0.0,0.0,0.0,1.0,ao,0.0,bh,,1.0,x,mid,0.0,0.0,0.0,0.0,Kind of parked ,swv
KS,0.0,test_COLUMBUS,sf,12.0,b3,8430.0,bsss,afsna,0.0,,0.0,0.0,0.0,0.0,n,0.0,0.0,0.0,0.0,1.0,sbs,0.0,n,,0.0,x,n,0.0,0.0,0.0,0.0,,oth
KS,0.0,test_COLUMBUS,sf,12.0,b3,8430.0,bsss,afsna,0.0,,0.0,0.0,0.0,0.0,n,0.0,0.0,0.0,0.0,1.0,sbs,0.0,n,,0.0,x,n,0.0,0.0,0.0,0.0,,oth
KS,0.0,test_COLUMBUS,qm,47.0,r2,8430.0,bas,afsna,0.0,,0.0,0.0,0.0,0.0,n,0.0,2.0,1.0,0.0,0.0,n,0.0,n,,1.0,a,side,0.0,0.0,0.0,0.0,Still drops notes easy,oth
KS,0.0,test_COLUMBUS,qm,41.0,r1,8430.0,ifsas,afsna,0.0,,0.0,0.0,0.0,0.0,n,0.0,3.0,0.0,0.0,0.0,oth,0.0,n,,1.0,x,n,0.0,0.0,0.0,1.0,,oth
KS,0.0,test_COLUMBUS,qm,37.0,b3,8430.0,ifsas,afsna,0.0,,0.0,0.0,0.0,0.0,n,0.0,7.0,0.0,0.0,0.0,n,0.0,n,,1.0,x,n,0.0,0.0,0.0,0.0,,oth
KS,0.0,test_COLUMBUS,qm,30.0,b3,8430.0,ifsas,afsna,0.0,,0.0,0.0,0.0,0.0,n,0.0,5.0,0.0,0.0,0.0,n,0.0,n,,1.0,x,n,0.0,0.0,0.0,0.0,,oth
KS,0.0,test_COLUMBUS,qm,16.0,b3,8430.0,bsss,afsna,0.0,,0.0,0.0,0.0,0.0,n,0.0,2.0,1.0,0.0,1.0,oth,0.0,n,,1.0,x,n,0.0,0.0,0.0,1.0,,oth
KS,0.0,2024week0,qm,1.0,b2,8430.0,bas,afsna,0.0,,0.0,0.0,0.0,0.0,n,0.0,2.0,1.0,0.0,0.0,n,0.0,n,,1.0,x,n,0.0,0.0,0.0,0.0,defended against ,oth
KS,0.0,2024week0,qm,7.0,b2,316.0,bsss,afsna,0.0,,0.0,0.0,0.0,0.0,n,0.0,3.0,0.0,0.0,0.0,n,0.0,n,,1.0,x,n,0.0,0.0,0.0,0.0,drops notes easily,oth
CSC,0.0,2024week0,qm,53.0,r1,1720.0,ifsas,o,0.0,,0.0,0.0,5.0,0.0,ne,1.0,0.0,0.0,0.0,0.0,n,0.0,n,,0.0,o,mid,0.0,0.0,0.0,0.0,,swv
TP,0.0,TEST_COLOMBUS,qm,4.0,b3,5188.0,insm,sz,0.0,,0.0,1.0,2.0,0.0,b,0.0,0.0,0.0,0.0,0.0,n,1.0,bh,,0.0,x,n,0.0,0.0,0.0,0.0,Went for a shot in endgame and missed ,swv
TP,0.0,TEST_COLOMBUS,qm,16.0,r1,5188.0,insm,sz,0.0,,0.0,1.0,1.0,1.0,b,0.0,0.0,0.0,0.0,0.0,nos,0.0,bh,,1.0,x,n,0.0,0.0,0.0,1.0,"They moved out of opponents way on defense, con",
TP,0.0,TEST_COLOMBUS,qm,21.0,r3,5188.0,insm,sz,0.0,,0.0,1.0,2.0,2.0,ne,1.0,0.0,0.0,0.0,0.0,n,0.0,bh,,1.0,x,n,0.0,0.0,0.0,0.0,Driver looks very confused and is inaccurate fro,
TP,0.0,TEST_COLOMBUS,qm,27.0,r3,5188.0,ifsas,no,0.0,,1.0,0.0,0.0,2.0,ne,0.0,0.0,0.0,0.0,0.0,n,0.0,n,,1.0,x,n,0.0,0.0,1.0,1.0,"Confused, slow, clunky, inaccurate, bad reaction",
TP,0.0,TEST_COLOMBUS,qm,30.0,r1,5188.0,insas,no,0.0,,0.0,0.0,0.0,0.0,n,0.0,0.0,0.0,0.0,1.0,nos,0.0,bh,,1.0,x,n,0.0,0.0,0.0,0.0,"Didnt try to grab a note none pre-loaded, let ",
TP,0.0,TEST_COLOMBUS,sf,6.0,r1,5188.0,insas,sz,0.0,,1.0,0.0,3.0,0.0,ne,1.0,0.0,0.0,0.0,1.0,nos,0.0,n,,1.0,x,n,0.0,0.0,0.0,0.0,Looked improved from quals matches,swv
TP,0.0,TEST_COLOMBUS,sf,9.0,b3,5188.0,insas,no,0.0,,0.0,1.0,0.0,1.0,n,0.0,0.0,0.0,0.0,1.0,nos,0.0,n,,0.0,x,n,0.0,0.0,0.0,1.0,Underpowered shooter and pushed all the notes to,
LS,0.0,Columbus,qm,65.0,b1,4926.0,ifsas,punz,0.0,,1.0,0.0,3.0,1.0,b,0.0,2.0,0.0,0.0,0.0,n,0.0,bh,,0.0,x,n,0.0,0.0,0.0,0.0,,swv
LS,0.0,Columbus,qm,65.0,b1,4926.0,ifsas,punz,0.0,,1.0,0.0,3.0,1.0,b,0.0,2.0,0.0,0.0,0.0,n,0.0,bh,,0.0,x,n,0.0,0.0,0.0,0.0,,swv
CSC,0.0,2024week0,qm,58.0,b1,1720.0,insm,sz,0.0,,1.0,0.0,2.0,1.0,ne,1.0,0.0,1.0,0.0,1.0,ao,0.0,n,,0.0,o,mid,0.0,0.0,0.0,1.0,,swv
JAM,0.0,2024week0,qm,70.0,r2,868.0,insm,puncl,0.0,,3.0,1.0,6.0,0.0,b,0.0,1.0,0.0,0.0,0.0,n,0.0,n,,1.0,a,mid,0.0,0.0,0.0,0.0,Amp for blue,swv
M.B,0.0,"Misawaka, IN ",qm,3.0,r1,2197.0,insm,sz,0.0,,1.0,0.0,8.0,1.0,ne,0.0,0.0,0.0,0.0,0.0,n,0.0,bh,,0.0,a,n,0.0,0.0,0.0,0.0,Good shooter,swv
CSC,0.0,2024week0,qm,68.0,b3,1720.0,insas,sz,0.0,,1.0,0.0,3.0,1.0,ne,1.0,0.0,0.0,0.0,0.0,n,0.0,n,,0.0,o,mid,0.0,0.0,0.0,0.0,,swv
JAM,0.0,2024week0,sf,1.0,b1,7454.0,insas,sz,0.0,,1.0,0.0,0.0,0.0,n,0.0,2.0,0.0,0.0,0.0,n,0.0,n,,0.0,x,n,0.0,0.0,0.0,0.0,,swv
M.B,0.0,"Misawaka, IN",qm,11.0,b1,2197.0,insm,punz,0.0,,1.0,0.0,6.0,0.0,ne,0.0,0.0,0.0,0.0,0.0,n,0.0,bl,,1.0,x,mid,0.0,0.0,0.0,0.0,,swv
EAR,0.0,2024week1,qm,40.0,b2,1501.0,insm,punz,0.0,,3.0,1.0,5.0,1.0,n,0.0,1.0,2.0,0.0,0.0,n,0.0,n,,0.0,o,mid,1.0,0.0,0.0,0.0,,swv
EAR,0.0,2024week1,qm,46.0,r1,1501.0,insm,punz,0.0,,2.0,1.0,3.0,1.0,n,0.0,2.0,0.0,0.0,0.0,n,0.0,n,,0.0,o,mid,1.0,0.0,0.0,0.0,,swv
EAR,0.0,2024week1,qm,52.0,b3,1501.0,insm,punz,0.0,,3.0,0.0,4.0,0.0,n,0.0,1.0,0.0,0.0,0.0,n,0.0,n,,0.0,o,mid,1.0,0.0,0.0,0.0,,swv
EAR,0.0,2024week1,qm,56.0,b3,1501.0,insm,punz,0.0,,4.0,0.0,5.0,0.0,n,0.0,1.0,0.0,0.0,0.0,n,0.0,n,,0.0,o,mid,1.0,0.0,0.0,0.0,,swv
EAR,0.0,2024week1,qm,60.0,r1,1501.0,insm,punz,0.0,,4.0,0.0,6.0,0.0,n,0.0,0.0,0.0,0.0,0.0,n,0.0,n,,0.0,o,mid,0.0,0.0,0.0,0.0,,swv
EAR,0.0,2024week1,qm,67.0,b2,1501.0,insm,afsna,0.0,,4.0,0.0,6.0,0.0,n,0.0,2.0,0.0,0.0,0.0,n,0.0,n,,0.0,o,mid,1.0,0.0,0.0,0.0,,swv
EAR,0.0,2024week1,sf,2.0,r3,1501.0,insm,no,0.0,,2.0,0.0,2.0,0.0,n,0.0,4.0,0.0,0.0,0.0,n,0.0,n,,0.0,o,mid,1.0,0.0,0.0,0.0,,swv
EAR,0.0,2024week1,sf,5.0,b1,1501.0,insm,punz,0.0,,4.0,0.0,4.0,0.0,n,0.0,3.0,2.0,0.0,0.0,n,0.0,n,,0.0,o,mid,1.0,0.0,0.0,0.0,,swv
EAR,0.0,2024week1,sf,10.0,b1,1501.0,insm,no,0.0,,4.0,0.0,5.0,0.0,n,0.0,4.0,0.0,0.0,0.0,n,0.0,n,,0.0,o,mid,0.0,0.0,0.0,0.0,,swv
JAM,0.0,2024week0,qm,63.0,b1,868.0,insm,puncl,0.0,,3.0,1.0,8.0,0.0,b,0.0,0.0,0.0,0.0,0.0,n,0.0,n,,0.0,h,mid,0.0,0.0,0.0,0.0,,swv
JAM,0.0,2024week0,qm,55.0,r1,868.0,insm,puncl,0.0,,4.0,1.0,1.0,,,,,,,,,,,,,,,,,,,,
M.B,0.0,Mishawaka ,qm,15.0,b2,2197.0,ifsas,sz,0.0,,0.0,1.0,4.0,3.0,ne,0.0,0.0,0.0,0.0,0.0,n,0.0,bh,,0.0,o,mid,0.0,0.0,0.0,0.0,,swv
SGG,0.0,Plainfield ,sf,1.0,b3,1747.0,insas,no,0.0,,0.0,0.0,6.0,2.0,ne,1.0,0.0,0.0,0.0,0.0,n,0.0,n,,1.0,o,mid,0.0,0.0,0.0,0.0,,swv
SGG,0.0,Plainfield ,qm,65.0,b2,1747.0,bas,no,0.0,,0.0,0.0,0.0,0.0,n,0.0,0.0,0.0,0.0,0.0,n,0.0,n,,0.0,x,n,0.0,0.0,0.0,0.0,It wasn't there at all,swv
SGG,0.0,Plainfield ,qm,62.0,b3,1747.0,insas,sz,0.0,,1.0,0.0,3.0,0.0,n,1.0,0.0,0.0,0.0,0.0,n,0.0,n,,1.0,x,n,0.0,0.0,1.0,0.0,Died at 1:26 left of the match after a bot collisi,
M.B,0.0,Mishawaka ,qm,22.0,r2,2197.0,insm,sz,0.0,,0.0,0.0,3.0,1.0,ne,0.0,0.0,0.0,0.0,0.0,n,0.0,bh,,0.0,o,mid,0.0,0.0,0.0,0.0,,swv
SGG,0.0,Plainfield ,sf,1.0,b3,1747.0,insas,no,0.0,,0.0,0.0,6.0,2.0,ne,1.0,0.0,0.0,0.0,0.0,n,0.0,n,,1.0,o,mid,0.0,0.0,0.0,0.0,,swv
KS,0.0,test_COLUMBUS,sf,13.0,b3,8430.0,bsss,afsna,0.0,,0.0,0.0,0.0,0.0,n,0.0,0.0,0.0,0.0,1.0,sbs,0.0,n,,0.0,x,n,0.0,0.0,0.0,0.0,,oth
KS,0.0,test_COLUMBUS,f,1.0,b3,8430.0,bsss,afsna,0.0,,0.0,0.0,0.0,0.0,n,0.0,0.0,0.0,0.0,1.0,sbs,0.0,n,,0.0,x,n,0.0,0.0,0.0,0.0,,oth
KS,0.0,test_COLUMBUS,f,2.0,b3,8430.0,bsss,afsna,0.0,,0.0,0.0,0.0,0.0,n,0.0,0.0,0.0,0.0,1.0,sbs,0.0,n,,0.0,x,n,0.0,0.0,0.0,0.0,,oth
KS,0.0,test_COLUMBUS,f,3.0,b3,8430.0,bsss,afsna,0.0,,0.0,0.0,0.0,0.0,n,0.0,0.0,0.0,0.0,1.0,sbs,0.0,n,,0.0,x,n,0.0,0.0,0.0,0.0,,oth
SGG,0.0,Plainfield ,sf,9.0,r1,1747.0,insas,sz,0.0,,1.0,0.0,6.0,0.0,ne,1.0,0.0,0.0,0.0,0.0,n,0.0,n,,1.0,o,mid,0.0,0.0,0.0,0.0,,swv
SGG,0.0,Plainfield ,sf,12.0,b3,1747.0,insas,sz,0.0,,1.0,0.0,8.0,0.0,ne,1.0,0.0,0.0,0.0,0.0,n,0.0,n,,0.0,x,n,0.0,0.0,0.0,0.0,,swv
SGG,0.0,Plainfield ,sf,13.0,b3,1747.0,insas,sz,0.0,,1.0,0.0,1.0,0.0,ne,1.0,0.0,0.0,0.0,0.0,n,0.0,n,,0.0,x,n,0.0,0.0,1.0,0.0,Dies around 1:45 left after bot collision ,swv
LF,0.0,2024week0,qm,15.0,r1,5484.0,insm,o,0.0,,1.0,1.0,6.0,1.0,ne,1.0,0.0,0.0,0.0,0.0,n,0.0,n,,1.0,x,n,0.0,0.0,0.0,0.0,Had to eject a note at one point,swv
JAM,0.0,2024week0,sf,4.0,r2,5402.0,bas,afsna,0.0,,0.0,0.0,3.0,0.0,n,0.0,0.0,0.0,0.0,1.0,ao,0.0,n,,0.0,o,mid,0.0,0.0,0.0,0.0,,swv
SGG,0.0,Columbus ,qm,4.0,r2,1720.0,insm,sz,0.0,,1.0,0.0,4.0,0.0,ne,1.0,0.0,0.0,0.0,0.0,n,0.0,n,,1.0,o,mid,0.0,0.0,0.0,0.0,Climbed the chain with 48 seconds left of the match ,
LF,0.0,Green Country Regional 2024,qm,16.0,r3,5484.0,insm,sz,0.0,,0.0,1.0,5.0,2.0,n,1.0,0.0,0.0,0.0,0.0,n,0.0,bh,,0.0,x,n,0.0,0.0,1.0,1.0,Got stuck on top of a note,swv
BIF,1.0,2024week4,qm,2.0,r2,868.0,insas,no,0.0,,2.0,0.0,5.0,2.0,ne,0.0,0.0,0.0,0.0,0.0,n,0.0,n,,0.0,o,mid,1.0,0.0,0.0,0.0,,swv
BIF,0.0,2024week4,qm,17.0,r1,868.0,ifsas,puncl,0.0,,3.0,0.0,0.0,0.0,n,0.0,4.0,0.0,1.0,0.0,n,0.0,n,,0.0,a,mid,0.0,0.0,0.0,0.0,only went for amp this game,swv
BIF,0.0,2024week4,qm,23.0,r3,868.0,insm,punz,0.0,,4.0,0.0,5.0,1.0,b,0.0,1.0,0.0,0.0,0.0,n,0.0,n,,1.0,x,n,0.0,0.0,0.0,0.0,,swv
BIF,0.0,2024week4,qm,28.0,r1,868.0,bsss,puncl,0.0,,1.0,0.0,3.0,1.0,b,0.0,3.0,0.0,0.0,0.0,n,0.0,n,,0.0,o,mid,0.0,0.0,0.0,0.0,,swv
BIF,0.0,2024week4,qm,32.0,b2,868.0,insm,punz,0.0,,4.0,0.0,4.0,0.0,b,0.0,3.0,0.0,0.0,0.0,n,0.0,n,,0.0,x,n,0.0,1.0,1.0,0.0,Maybe damaged? stopped moving after running into src,
BIF,0.0,2024week4,qm,38.0,b2,868.0,bas,punz,0.0,,2.0,0.0,0.0,0.0,n,0.0,1.0,0.0,0.0,0.0,n,0.0,n,,0.0,x,n,0.0,1.0,1.0,0.0,Robot kept losing connection and freezing on the fiel,
BIF,0.0,2024week4,qm,41.0,b3,868.0,insm,punz,0.0,,5.0,0.0,0.0,0.0,n,0.0,1.0,0.0,0.0,0.0,n,0.0,n,,0.0,x,n,0.0,0.0,1.0,0.0,randomly starts dying,swv
BIF,0.0,2024week4,qm,49.0,b3,868.0,insm,punz,0.0,,5.0,0.0,0.0,0.0,n,0.0,5.0,1.0,0.0,0.0,n,0.0,n,,0.0,o,mid,1.0,0.0,0.0,0.0,,swv
BIF,0.0,2024week4,sf,2.0,b3,868.0,insm,punz,0.0,,4.0,1.0,7.0,4.0,b,0.0,0.0,0.0,0.0,0.0,n,0.0,n,,0.0,x,n,0.0,0.0,1.0,0.0,"died towards the end, wasn't able to climb",swv
JAM,0.0,2024week0,sf,6.0,b2,5402.0,bas,punz,0.0,,3.0,0.0,8.0,0.0,b,0.0,0.0,0.0,0.0,0.0,n,0.0,n,,0.0,o,side,0.0,0.0,0.0,0.0,,swv
AC,0.0,Columbus,qm,33.0,r1,4926.0,insm,no,0.0,,2.0,0.0,2.0,2.0,ne,0.0,2.0,1.0,0.0,0.0,n,0.0,n,,0.0,x,side,0.0,0.0,0.0,0.0,Not good drivers,swv
LF,0.0,Green Country Regional 2024,qm,67.0,r1,5484.0,insas,sz,0.0,,0.0,1.0,9.0,0.0,ne,1.0,0.0,0.0,0.0,0.0,n,0.0,bh,,1.0,x,n,0.0,0.0,0.0,0.0,,swv
M.B,0.0,P,qm,7.0,r3,4485.0,ifsas,afsna,0.0,,0.0,0.0,0.0,1.0,n,0.0,0.0,0.0,0.0,1.0,sbs,0.0,bh,,1.0,x,side,0.0,0.0,0.0,0.0,"They never attempt chain, they just park there ",s
M.B,0.0,Mishawaka ,qm,29.0,b1,2197.0,ifsas,no,0.0,,1.0,0.0,3.0,0.0,ne,0.0,0.0,0.0,0.0,1.0,nos,0.0,bl,,0.0,o,mid,0.0,0.0,0.0,0.0,,swv
M.B,0.0,Mishawaka ,qm,27.0,r3,2197.0,ifsas,no,0.0,,1.0,0.0,3.0,0.0,ne,0.0,0.0,0.0,0.0,0.0,n,0.0,n,,0.0,o,mid,0.0,0.0,0.0,0.0,,swv
M.B,0.0,Plainfield Event,qm,67.0,r2,4485.0,insas,no,0.0,,0.0,1.0,0.0,1.0,n,0.0,0.0,0.0,0.0,1.0,nos,0.0,rd,,0.0,x,n,0.0,0.0,1.0,0.0,It froze for a good minute again. ,swv
M.B,0.0,Plainfield Event,qm,60.0,b1,4485.0,ifsas,no,0.0,,1.0,0.0,0.0,0.0,n,0.0,0.0,0.0,0.0,1.0,nos,0.0,rd,,0.0,x,n,0.0,0.0,1.0,0.0,It froze for a good minute. ,swv
M.B,0.0,Plainfield Event,qm,55.0,b1,4485.0,ifsas,afsna,0.0,,0.0,0.0,0.0,0.0,n,0.0,0.0,0.0,0.0,1.0,ao,0.0,bh,,1.0,x,n,0.0,0.0,0.0,0.0,,swv
M.B,0.0,Plainfield Event,qm,51.0,r1,4485.0,insas,afsna,0.0,,0.0,0.0,0.0,1.0,n,0.0,0.0,0.0,0.0,1.0,nos,0.0,bh,,1.0,x,n,0.0,0.0,0.0,0.0,Prevented opponents from getting to spe,
M.B,0.0,Plainfield Event,qm,41.0,b2,4485.0,insas,afsna,0.0,,0.0,0.0,1.0,0.0,n,0.0,0.0,0.0,0.0,1.0,ao,0.0,bh,,1.0,x,side,0.0,0.0,0.0,0.0,,swv
M.B,0.0,Plainfield Event,qm,44.0,r1,4485.0,bsss,afsna,0.0,,0.0,0.0,0.0,1.0,n,0.0,0.0,0.0,0.0,1.0,nos,0.0,bh,,1.0,x,n,0.0,0.0,0.0,0.0,"Auton: only backed away from speaker, no",
M.B,0.0,Plainfield Event,qm,41.0,b2,4485.0,insas,afsna,0.0,,0.0,0.0,1.0,0.0,n,0.0,0.0,0.0,0.0,1.0,ao,0.0,bh,,1.0,x,side,0.0,0.0,0.0,0.0,,swv
M.B,0.0,P,qm,7.0,r3,4485.0,ifsas,afsna,0.0,,0.0,0.0,0.0,1.0,n,0.0,0.0,0.0,0.0,1.0,sbs,0.0,bh,,1.0,x,side,0.0,0.0,0.0,0.0,"They never attempt chain, they just park there ",s
M.B,0.0,Plainfield ,qm,4.0,b2,4485.0,ifsas,afsna,0.0,,0.0,0.0,0.0,5.0,ne,0.0,0.0,0.0,0.0,1.0,sbs,0.0,bh,,0.0,x,side,0.0,0.0,0.0,0.0,"Weak shooter, notes seem to be squished i",
SEaw,0.0,2024week1,qm,2.0,b2,9554.0,ifsas,no,0.0,,0.0,0.0,0.0,0.0,n,0.0,0.0,0.0,0.0,1.0,ao,0.0,bh,,1.0,a,side,0.0,0.0,0.0,0.0,,swv
JAM,0.0,2024week0,sf,9.0,b2,5402.0,bas,punz,0.0,,2.0,1.0,3.0,2.0,ne,0.0,0.0,0.0,0.0,0.0,n,0.0,n,,0.0,o,mid,0.0,0.0,0.0,0.0,,swv
LF,0.0,FIN District Columbus Event 2024,qm,35.0,b1,3559.0,bsss,sz,0.0,,0.0,0.0,2.0,1.0,n,1.0,0.0,0.0,0.0,0.0,n,0.0,bh,,1.0,x,n,0.0,0.0,0.0,0.0,,oth
AC,0.0,Columbus,sf,2.0,b3,6498.0,insm,no,0.0,,2.0,0.0,2.0,3.0,n,0.0,0.0,1.0,0.0,0.0,n,0.0,n,,0.0,o,side,0.0,0.0,0.0,0.0,,swv
LF,0.0,FIN District Columbus Event 2024,qm,61.0,r3,3559.0,bas,no,0.0,,0.0,0.0,0.0,0.0,n,0.0,0.0,0.0,0.0,0.0,n,0.0,n,,0.0,x,side,0.0,0.0,1.0,0.0,Did not move at all,oth
SEW,0.0,2024week1,qm,3.0,b3,,bsss,no,0.0,,0.0,0.0,0.0,0.0,n,0.0,0.0,0.0,0.0,1.0,oth,0.0,bh,,0.0,x,n,0.0,0.0,1.0,0.0,,swv
BW,0.0,2024week3,qm,1.0,b1,8116.0,bsss,no,0.0,,0.0,0.0,0.0,0.0,n,0.0,0.0,0.0,0.0,0.0,n,0.0,n,,0.0,x,n,0.0,0.0,1.0,0.0,Robot died and never moved,swv
AC,0.0,Columbus,sf,5.0,b3,6498.0,insm,no,0.0,,1.0,1.0,3.0,2.0,n,0.0,0.0,0.0,0.0,0.0,n,0.0,n,,0.0,o,side,0.0,0.0,1.0,0.0,Note stuck In wheel temorarily,swv
JAM,0.0,2024week0,f,1.0,b1,2194.0,insm,punz,0.0,,2.0,0.0,3.0,0.0,n,0.0,0.0,0.0,0.0,0.0,n,0.0,bh,,1.0,x,n,0.0,0.0,0.0,0.0,,swv
SGG,0.0,Columbus ,qm,47.0,b3,8564.0,ifsas,sz,0.0,,0.0,1.0,0.0,0.0,n,0.0,0.0,0.0,0.0,1.0,sbs,0.0,n,,0.0,x,n,0.0,0.0,0.0,0.0,They only really did defense.,swv
LF,0.0,FIN District Columbus Event 2024,qm,52.0,b2,8564.0,bsss,no,0.0,,0.0,0.0,0.0,0.0,n,0.0,0.0,0.0,0.0,1.0,nos,1.0,n,,0.0,x,n,0.0,0.0,0.0,0.0,Just sat at source and defend,
BW,0.0,2024week3,qm,9.0,r1,8116.0,bsss,no,0.0,,0.0,0.0,0.0,2.0,n,0.0,0.0,0.0,0.0,0.0,n,1.0,bh,,0.0,x,n,0.0,0.0,0.0,0.0,Made penalty and missed a lot,swv
SEW,0.0,2024week1,qm,15.0,r1,9554.0,ifsas,no,0.0,,0.0,0.0,1.0,0.0,n,0.0,1.0,0.0,0.0,1.0,oth,0.0,bh,,1.0,o,side,0.0,0.0,1.0,0.0,,swv
M.B,0.0,Plainfield Event,qm,35.0,b3,3947.0,bsss,afsna,0.0,,0.0,0.0,2.0,1.0,ne,0.0,0.0,0.0,0.0,0.0,n,0.0,rd,,1.0,x,n,0.0,0.0,0.0,0.0,,swv
JAM,0.0,2024week0,f,2.0,b1,2197.0,insm,punz,0.0,,2.0,0.0,3.0,1.0,ne,0.0,0.0,0.0,0.0,0.0,n,0.0,bh,,0.0,x,n,0.0,0.0,0.0,0.0,,swv
BW,0.0,2024week3,qm,17.0,r2,8116.0,bsss,no,0.0,,0.0,0.0,7.0,1.0,ne,0.0,0.0,0.0,0.0,0.0,n,0.0,n,,0.0,o,side,0.0,0.0,0.0,0.0,Got better at shooting,swv
M.B,0.0,Plainfield Event,qm,26.0,r1,3947.0,bsss,afsna,0.0,,0.0,0.0,3.0,1.0,ne,0.0,0.0,0.0,0.0,0.0,n,0.0,bh,,1.0,a,mid,0.0,0.0,0.0,0.0,,swv
BIF,0.0,2024week1,qm,2.0,b1,2909.0,insas,no,0.0,,0.0,0.0,0.0,1.0,ne,0.0,0.0,0.0,0.0,0.0,n,0.0,n,,0.0,x,n,0.0,0.0,1.0,1.0,"no auto, immobilized for the beginning of teleop, sl",
SEW,0.0,2024week1,qm,20.0,r2,9554.0,ifsas,no,0.0,,0.0,0.0,0.0,0.0,n,0.0,0.0,0.0,0.0,1.0,nos,0.0,bl,,1.0,a,side,0.0,0.0,1.0,0.0,,swv
JAM,0.0,2024week0,qm,51.0,b1,2119.0,insm,punz,0.0,,2.0,0.0,4.0,0.0,ne,1.0,0.0,0.0,0.0,0.0,n,0.0,bh,,1.0,x,n,0.0,0.0,0.0,0.0,,swv
BIF,0.0,2024week1,qm,2.0,b1,2909.0,insas,no,0.0,,0.0,0.0,0.0,1.0,ne,0.0,0.0,0.0,0.0,0.0,n,0.0,n,,0.0,x,n,0.0,0.0,1.0,1.0,"no auto, immobilized for the beginning of teleop, sl",
BIF,0.0,2024week1,qm,10.0,b3,2909.0,insm,no,0.0,,0.0,0.0,0.0,0.0,n,0.0,0.0,0.0,0.0,0.0,n,0.0,n,,0.0,x,n,0.0,0.0,1.0,1.0,Think they us tank don't know for sure,oth
BIF,0.0,2024week1,qm,15.0,b3,2909.0,ifsas,no,0.0,,0.0,0.0,1.0,1.0,n,0.0,0.0,0.0,0.0,0.0,n,0.0,n,,0.0,x,n,0.0,0.0,0.0,0.0,just moved around aimlessly,oth
BIF,0.0,2024week1,qm,23.0,r2,2909.0,insm,no,0.0,,0.0,0.0,0.0,2.0,ne,1.0,0.0,0.0,0.0,0.0,n,0.0,n,,1.0,x,n,0.0,0.0,0.0,0.0,slow tipsy bot but hopefully has improved,oth
BIF,0.0,2024week4,qm,8.0,b1,1501.0,insm,punz,0.0,,3.0,0.0,4.0,1.0,ne,0.0,4.0,0.0,0.0,0.0,n,0.0,n,,0.0,o,mid,0.0,0.0,0.0,0.0,,swv
BIF,0.0,2024week4,qm,9.0,r2,17.0,insm,punz,0.0,,3.0,0.0,4.0,0.0,n,0.0,2.0,0.0,0.0,0.0,n,0.0,n,,0.0,x,mid,0.0,0.0,0.0,0.0,cycle time was either long or they were lining up sh,
BIF,0.0,2024week4,qm,20.0,r3,1501.0,insm,punz,0.0,,4.0,0.0,0.0,0.0,n,0.0,0.0,0.0,0.0,0.0,n,0.0,n,,0.0,x,n,0.0,0.0,1.0,0.0,immediately after auton,swv
BIF,0.0,2024week4,qm,24.0,r3,1501.0,insm,punz,0.0,,5.0,0.0,6.0,0.0,ne,0.0,1.0,0.0,0.0,0.0,n,0.0,n,,0.0,o,mid,0.0,0.0,0.0,0.0,,swv
BIF,0.0,2024week4,qm,30.0,r2,1501.0,insm,punz,0.0,,4.0,0.0,3.0,0.0,ne,0.0,1.0,1.0,0.0,0.0,n,0.0,n,,0.0,o,mid,1.0,0.0,0.0,0.0,,swv
M.B,0.0,Plainfield Event,qm,53.0,b2,3947.0,bsss,afsna,0.0,,0.0,0.0,0.0,2.0,n,0.0,0.0,0.0,0.0,1.0,nos,0.0,bl,,1.0,a,n,0.0,0.0,0.0,0.0,,swv
SGG,0.0,Columbus ,qm,36.0,r1,9491.0,bsss,afsna,0.0,,0.0,0.0,0.0,1.0,ne,1.0,0.0,0.0,0.0,0.0,n,0.0,n,,1.0,a,side,0.0,0.0,0.0,0.0,Stayed near the stage only with 50 seconds lef,
LF,0.0,DIN District Columbus Event 2024,qm,47.0,b1,9491.0,bsss,sz,0.0,,0.0,0.0,2.0,1.0,ne,1.0,0.0,0.0,0.0,0.0,n,0.0,n,,0.0,a,side,0.0,0.0,0.0,0.0,Shot at a weird angle and e,
AC,0.0,Plainfield,qm,9.0,r3,868.0,insm,no,0.0,,4.0,0.0,0.0,0.0,n,0.0,0.0,0.0,0.0,0.0,n,0.0,n,,0.0,x,side,0.0,0.0,1.0,0.0,,swv
M.B,0.0,Plainfield Event,qm,57.0,r2,3947.0,insas,afsna,0.0,,0.0,0.0,1.0,1.0,ne,0.0,0.0,0.0,0.0,0.0,n,0.0,n,,0.0,o,mid,0.0,0.0,0.0,0.0,,swv
JAM,0.0,2024week0,qm,56.0,r3,2197.0,bas,punz,0.0,,2.0,0.0,5.0,0.0,ne,1.0,0.0,0.0,0.0,0.0,n,3.0,n,,0.0,x,n,0.0,0.0,0.0,0.0,Died in op stage,swv
SEW,0.0,2024week1,qm,25.0,r2,9554.0,insas,no,0.0,,0.0,0.0,0.0,1.0,n,0.0,0.0,0.0,0.0,1.0,ao,0.0,bh,,1.0,h,side,0.0,0.0,0.0,1.0,,swv
SGG,0.0,Columbus ,qm,42.0,b1,9491.0,bsss,afsna,0.0,,0.0,0.0,2.0,1.0,ne,1.0,0.0,0.0,0.0,0.0,n,0.0,n,,1.0,o,mid,0.0,0.0,0.0,0.0,,oth
M.B,0.0,Plainfield Event,qm,61.0,r3,3947.0,ifsas,afsna,0.0,,0.0,0.0,0.0,0.0,n,0.0,0.0,0.0,0.0,0.0,n,0.0,bh,,1.0,x,n,0.0,0.0,0.0,0.0,Just passed notes over to allies ,swv
AC,0.0,Mishawaka ,qm,28.0,r2,9554.0,insm,afsna,0.0,,0.0,0.0,0.0,0.0,n,0.0,4.0,0.0,0.0,0.0,n,0.0,n,,1.0,x,side,0.0,0.0,0.0,0.0,,swv
AC,0.0,Mishawaka ,qm,28.0,r2,9554.0,insm,afsna,0.0,,0.0,0.0,0.0,0.0,n,0.0,4.0,0.0,0.0,0.0,n,0.0,n,,1.0,x,side,0.0,0.0,0.0,0.0,,swv
M.B,0.0,Plainfield Event,qm,69.0,r1,3947.0,bsss,afsna,0.0,,0.0,0.0,0.0,1.0,n,0.0,0.0,0.0,0.0,0.0,n,0.0,bh,,0.0,x,n,0.0,0.0,0.0,0.0, mechanism used to get on chain is not eff,
BIF,0.0,2024week4,qm,9.0,r2,17.0,insm,punz,0.0,,3.0,0.0,4.0,0.0,n,0.0,2.0,0.0,0.0,0.0,n,0.0,n,,0.0,x,mid,0.0,0.0,0.0,0.0,cycle time was either long or they were lining up sh,
